Time, FSR1_Raw, FSR2_Raw, FSR3_Raw, FSR4_Raw
ACK_SYNC_LEFT
Time,FSR1_Raw,FSR2_Raw,FSR3_Raw,FSR4_Raw
22:58:25.000, 0, 0, 0, 0
22:58:25.050, 0, 0, 0, 0
22:58:25.100, 0, 0, 0, 0
22:58:25.150, 0, 0, 0, 0
22:58:25.201, 0, 0, 0, 0
22:58:25.250, 0, 0, 0, 0
22:58:25.300, 0, 0, 0, 0
22:58:25.350, 0, 0, 0, 0
22:58:25.400, 0, 0, 0, 0
22:58:25.450, 0, 0, 0, 0
22:58:25.500, 0, 0, 0, 0
22:58:25.550, 0, 0, 0, 0
22:58:25.600, 0, 0, 0, 0
22:58:25.650, 0, 0, 0, 0
22:58:25.700, 0, 0, 0, 0
22:58:25.750, 0, 0, 0, 0
22:58:25.800, 0, 0, 0, 0
22:58:25.850, 0, 0, 0, 0
22:58:25.900, 0, 0, 0, 0
22:58:25.950, 0, 0, 0, 0
22:58:26.000, 0, 0, 0, 0
22:58:26.050, 0, 0, 0, 0
22:58:26.100, 0, 0, 0, 0
22:58:26.150, 0, 0, 0, 0
22:58:26.200, 0, 0, 0, 0
22:58:26.250, 0, 0, 0, 0
22:58:26.300, 0, 0, 0, 0
22:58:26.350, 0, 0, 0, 0
22:58:26.400, 0, 0, 0, 0
22:58:26.450, 0, 0, 0, 0
22:58:26.500, 0, 0, 0, 0
22:58:26.550, 0, 0, 0, 0
22:58:26.600, 0, 0, 0, 0
22:58:26.650, 0, 0, 0, 0
22:58:26.700, 0, 0, 0, 0
22:58:26.750, 0, 0, 0, 0
22:58:26.800, 0, 0, 0, 0
22:58:26.850, 0, 0, 0, 0
22:58:26.900, 0, 0, 0, 0
22:58:26.950, 0, 0, 0, 0
22:58:27.000, 0, 0, 0, 0
22:58:27.050, 0, 0, 0, 0
22:58:27.100, 0, 0, 0, 0
22:58:27.150, 0, 0, 0, 0
22:58:27.200, 0, 0, 0, 0
22:58:27.250, 0, 0, 0, 0
22:58:27.300, 0, 0, 0, 0
22:58:27.350, 0, 0, 0, 0
22:58:27.400, 0, 0, 0, 0
22:58:27.450, 0, 0, 0, 0
22:58:27.500, 0, 0, 0, 0
22:58:27.550, 0, 0, 0, 0
22:58:27.600, 0, 0, 0, 0
22:58:27.650, 0, 0, 0, 0
22:58:27.700, 0, 0, 0, 0
22:58:27.750, 0, 0, 0, 0
22:58:27.800, 0, 0, 0, 0
22:58:27.850, 0, 0, 0, 0
22:58:27.900, 0, 0, 0, 0
22:58:27.950, 0, 0, 0, 0
22:58:28.000, 0, 0, 0, 0
22:58:28.050, 0, 0, 0, 0
22:58:28.100, 0, 0, 0, 0
22:58:28.150, 0, 0, 0, 0
22:58:28.200, 0, 0, 0, 0
22:58:28.250, 0, 0, 0, 0
22:58:28.300, 0, 0, 0, 0
22:58:28.350, 0, 0, 0, 0
22:58:28.400, 0, 0, 0, 0
22:58:28.450, 0, 0, 0, 0
22:58:28.500, 0, 0, 0, 0
22:58:28.550, 0, 0, 0, 0
22:58:28.600, 0, 0, 0, 0
22:58:28.650, 0, 0, 0, 0
22:58:28.700, 0, 0, 0, 0
22:58:28.750, 0, 0, 0, 0
22:58:28.800, 0, 0, 0, 0
22:58:28.850, 0, 0, 0, 0
22:58:28.900, 0, 0, 0, 0
22:58:28.950, 0, 0, 0, 0
22:58:29.000, 0, 0, 0, 0
22:58:29.050, 0, 0, 0, 0
22:58:29.100, 0, 0, 0, 0
22:58:29.150, 0, 0, 0, 0
22:58:29.200, 0, 0, 0, 0
22:58:29.250, 0, 0, 0, 0
22:58:29.300, 0, 0, 0, 0
22:58:29.350, 0, 0, 0, 0
22:58:29.400, 0, 0, 0, 0
22:58:29.450, 0, 0, 0, 0
22:58:29.500, 0, 0, 0, 0
22:58:29.550, 0, 0, 0, 0
22:58:29.600, 0, 0, 0, 0
22:58:29.650, 0, 0, 0, 0
22:58:29.700, 0, 0, 0, 0
22:58:29.750, 0, 0, 0, 0
22:58:29.800, 0, 0, 0, 0
22:58:29.850, 0, 0, 0, 0
22:58:29.900, 0, 0, 0, 0
22:58:29.950, 0, 0, 0, 0
22:58:30.000, 0, 0, 0, 0
22:58:30.050, 0, 0, 0, 0
22:58:30.100, 0, 0, 0, 0
22:58:30.150, 0, 0, 0, 0
22:58:30.200, 0, 0, 0, 0
22:58:30.250, 0, 0, 0, 0
22:58:30.300, 0, 0, 0, 0
22:58:30.350, 0, 0, 0, 0
22:58:30.400, 0, 0, 0, 0
22:58:30.450, 0, 0, 0, 0
22:58:30.500, 0, 0, 0, 0
22:58:30.550, 0, 0, 0, 0
22:58:30.600, 0, 0, 0, 0
22:58:30.650, 0, 0, 0, 0
22:58:30.700, 0, 0, 0, 0
22:58:30.750, 0, 0, 0, 0
22:58:30.800, 0, 0, 0, 0
22:58:30.850, 0, 0, 0, 0
22:58:30.900, 0, 0, 0, 0
22:58:30.950, 0, 0, 0, 0
22:58:31.000, 0, 0, 0, 0
22:58:31.050, 0, 0, 0, 0
22:58:31.100, 0, 0, 0, 0
22:58:31.150, 0, 0, 0, 0
22:58:31.200, 0, 0, 0, 0
22:58:31.250, 0, 0, 0, 0
22:58:31.300, 0, 0, 0, 0
22:58:31.350, 0, 0, 0, 0
22:58:31.400, 0, 0, 0, 0
22:58:31.450, 0, 0, 0, 0
22:58:31.500, 0, 0, 0, 0
22:58:31.550, 0, 0, 0, 0
22:58:31.600, 0, 0, 0, 0
22:58:31.650, 0, 0, 0, 0
22:58:31.700, 0, 0, 0, 0
22:58:31.750, 0, 0, 0, 0
22:58:31.800, 0, 0, 0, 0
22:58:31.850, 0, 0, 0, 0
22:58:31.900, 0, 0, 0, 0
22:58:31.950, 0, 0, 0, 0
22:58:32.000, 0, 0, 0, 0
22:58:32.050, 0, 0, 0, 0
22:58:32.100, 0, 0, 0, 0
22:58:32.150, 0, 0, 0, 0
22:58:32.200, 0, 0, 0, 0
22:58:32.250, 0, 0, 0, 0
22:58:32.300, 0, 0, 0, 0
22:58:32.350, 0, 0, 0, 0
22:58:32.400, 0, 0, 0, 0
22:58:32.450, 0, 0, 0, 0
22:58:32.500, 0, 0, 0, 0
22:58:32.550, 0, 0, 0, 0
22:58:32.600, 0, 0, 0, 0
22:58:32.650, 0, 0, 0, 0
22:58:32.700, 0, 0, 0, 0
22:58:32.750, 0, 0, 0, 0
22:58:32.800, 0, 0, 0, 0
22:58:32.850, 0, 0, 0, 0
22:58:32.900, 0, 0, 0, 0
22:58:32.950, 0, 0, 0, 0
22:58:33.000, 0, 0, 0, 0
22:58:33.050, 0, 0, 0, 0
22:58:33.100, 0, 0, 0, 0
22:58:33.150, 0, 0, 0, 0
22:58:33.200, 0, 0, 0, 0
22:58:33.250, 0, 0, 0, 0
22:58:33.300, 0, 0, 0, 0
22:58:33.350, 0, 0, 0, 0
22:58:33.400, 0, 0, 0, 0
22:58:33.450, 0, 0, 0, 0
22:58:33.500, 0, 0, 0, 0
22:58:33.550, 0, 0, 0, 0
22:58:33.600, 0, 0, 0, 0
22:58:33.650, 0, 0, 0, 0
22:58:33.700, 0, 0, 0, 0
22:58:33.750, 0, 0, 0, 0
22:58:33.800, 0, 0, 0, 0
22:58:33.850, 0, 0, 0, 0
22:58:33.900, 0, 0, 0, 0
22:58:33.950, 0, 0, 0, 0
22:58:34.000, 0, 0, 0, 0
22:58:34.050, 0, 0, 0, 0
22:58:34.100, 0, 0, 0, 0
22:58:34.150, 0, 0, 0, 0
22:58:34.200, 0, 0, 0, 0
22:58:34.250, 0, 0, 0, 0
22:58:34.300, 0, 0, 0, 0
22:58:34.350, 0, 0, 0, 0
22:58:34.400, 0, 0, 0, 0
22:58:34.450, 0, 0, 0, 0
22:58:34.500, 0, 0, 0, 0
22:58:34.550, 0, 0, 0, 0
22:58:34.600, 0, 0, 0, 0
22:58:34.650, 0, 0, 0, 0
22:58:34.700, 0, 0, 0, 0
22:58:34.750, 0, 0, 0, 0
22:58:34.800, 0, 0, 0, 0
22:58:34.850, 0, 0, 0, 0
22:58:34.900, 0, 0, 0, 0
22:58:34.950, 0, 0, 0, 0
22:58:35.000, 0, 0, 0, 0
22:58:35.050, 0, 0, 0, 0
22:58:35.100, 0, 0, 0, 0
22:58:35.150, 0, 0, 0, 0
22:58:35.200, 0, 0, 0, 0
22:58:35.250, 0, 0, 0, 0
22:58:35.300, 0, 0, 0, 0
22:58:35.350, 0, 0, 0, 0
22:58:35.400, 0, 0, 0, 0
22:58:35.450, 0, 0, 0, 0
22:58:35.500, 0, 0, 0, 0
22:58:35.550, 0, 0, 0, 0
22:58:35.600, 0, 0, 0, 0
22:58:35.650, 0, 0, 0, 0
22:58:35.700, 0, 0, 0, 0
22:58:35.750, 0, 0, 0, 0
22:58:35.800, 0, 0, 0, 0
22:58:35.850, 0, 0, 0, 0
22:58:35.900, 0, 0, 0, 0
22:58:35.950, 0, 0, 0, 0
22:58:36.000, 0, 0, 0, 0
22:58:36.050, 0, 0, 0, 0
22:58:36.100, 0, 0, 0, 0
22:58:36.150, 0, 0, 0, 0
22:58:36.200, 0, 0, 0, 0
22:58:36.250, 0, 0, 0, 0
22:58:36.300, 0, 0, 0, 0
22:58:36.350, 0, 0, 0, 0
22:58:36.400, 0, 0, 0, 0
22:58:36.450, 0, 0, 0, 0
22:58:36.500, 0, 0, 0, 0
22:58:36.550, 0, 0, 0, 0
22:58:36.600, 0, 0, 0, 0
22:58:36.650, 0, 0, 0, 0
22:58:36.700, 0, 0, 0, 0
22:58:36.750, 0, 0, 0, 0
22:58:36.800, 0, 0, 0, 0
22:58:36.850, 0, 0, 0, 0
22:58:36.900, 0, 0, 0, 0
22:58:36.950, 0, 0, 0, 0
22:58:37.000, 0, 0, 0, 0
22:58:37.050, 0, 0, 0, 0
22:58:37.100, 0, 0, 0, 0
22:58:37.150, 0, 0, 0, 0
22:58:37.200, 0, 0, 0, 0
22:58:37.250, 0, 0, 0, 0
22:58:37.300, 0, 0, 0, 0
22:58:37.350, 0, 0, 0, 0
22:58:37.400, 0, 0, 0, 0
22:58:37.450, 0, 0, 0, 0
22:58:37.500, 0, 0, 0, 0
22:58:37.550, 0, 0, 0, 0
22:58:37.600, 0, 0, 0, 0
22:58:37.650, 0, 0, 0, 0
22:58:37.700, 0, 0, 0, 0
22:58:37.750, 0, 0, 0, 0
22:58:37.800, 0, 0, 0, 0
22:58:37.850, 0, 0, 0, 0
22:58:37.900, 0, 0, 0, 0
22:58:37.950, 0, 0, 0, 0
22:58:38.000, 0, 0, 0, 0
22:58:38.050, 0, 0, 0, 0
22:58:38.100, 0, 0, 0, 0
22:58:38.150, 0, 0, 0, 0
22:58:38.200, 0, 0, 0, 0
22:58:38.250, 0, 0, 0, 0
22:58:38.300, 0, 0, 0, 0
22:58:38.350, 0, 0, 0, 0
22:58:38.400, 0, 0, 0, 0
22:58:38.450, 0, 0, 0, 0
22:58:38.500, 0, 0, 0, 0
22:58:38.550, 0, 0, 0, 0
22:58:38.600, 0, 0, 0, 0
22:58:38.650, 0, 0, 0, 0
22:58:38.700, 0, 0, 0, 0
22:58:38.750, 0, 0, 0, 0
22:58:38.800, 0, 0, 0, 0
22:58:38.850, 0, 0, 0, 0
22:58:38.900, 0, 0, 0, 0
22:58:38.950, 0, 0, 0, 0
22:58:39.000, 0, 0, 0, 0
22:58:39.050, 0, 0, 0, 0
22:58:39.100, 0, 0, 0, 0
22:58:39.150, 0, 0, 0, 0
22:58:39.200, 0, 0, 0, 0
22:58:39.250, 0, 0, 0, 0
22:58:39.300, 0, 0, 0, 0
22:58:39.350, 0, 0, 0, 0
22:58:39.400, 0, 0, 0, 0
22:58:39.450, 0, 0, 0, 0
22:58:39.500, 0, 0, 0, 0
22:58:39.550, 0, 0, 0, 0
22:58:39.600, 0, 0, 0, 0
22:58:39.650, 0, 0, 0, 0
22:58:39.700, 0, 0, 0, 0
22:58:39.750, 0, 0, 0, 0
22:58:39.800, 0, 0, 0, 0
22:58:39.850, 0, 0, 0, 0
22:58:39.900, 0, 0, 0, 0
22:58:39.950, 0, 0, 0, 0
22:58:40.000, 0, 0, 0, 0
22:58:40.050, 0, 0, 0, 0
22:58:40.100, 0, 0, 0, 0
22:58:40.150, 0, 0, 0, 0
22:58:40.200, 0, 0, 0, 0
22:58:40.250, 0, 0, 0, 0
22:58:40.300, 0, 0, 0, 0
22:58:40.350, 0, 0, 0, 0
22:58:40.400, 0, 0, 0, 0
22:58:40.450, 0, 0, 0, 0
22:58:40.500, 0, 0, 0, 0
22:58:40.550, 0, 0, 0, 0
22:58:40.600, 0, 0, 0, 0
22:58:40.650, 0, 0, 0, 0
22:58:40.700, 0, 0, 0, 0
22:58:40.750, 0, 0, 0, 0
22:58:40.800, 0, 0, 0, 0
22:58:40.850, 0, 0, 0, 0
22:58:40.900, 0, 0, 0, 0
22:58:40.950, 0, 0, 0, 0
22:58:41.000, 0, 0, 0, 0
22:58:41.050, 0, 0, 0, 0
22:58:41.100, 0, 0, 0, 0
22:58:41.150, 0, 0, 0, 0
22:58:41.200, 0, 0, 0, 0
22:58:41.250, 0, 0, 0, 0
22:58:41.300, 0, 0, 0, 0
22:58:41.350, 0, 0, 0, 0
22:58:41.400, 0, 0, 0, 0
22:58:41.450, 0, 0, 0, 0
22:58:41.500, 0, 0, 0, 0
22:58:41.550, 0, 0, 0, 0
22:58:41.600, 0, 0, 0, 0
22:58:41.650, 0, 0, 0, 0
22:58:41.700, 0, 0, 0, 0
22:58:41.750, 0, 0, 0, 0
22:58:41.800, 0, 0, 0, 0
22:58:41.850, 0, 0, 0, 0
22:58:41.900, 0, 0, 0, 0
22:58:41.950, 0, 0, 0, 0
22:58:42.000, 0, 0, 0, 0
22:58:42.050, 0, 0, 0, 0
22:58:42.100, 0, 0, 0, 0
22:58:42.150, 0, 0, 0, 0
22:58:42.200, 0, 0, 0, 0
22:58:42.250, 0, 0, 0, 0
22:58:42.300, 0, 0, 0, 0
22:58:42.350, 0, 0, 0, 0
22:58:42.400, 0, 0, 0, 0
22:58:42.450, 0, 0, 0, 0
22:58:42.500, 0, 0, 0, 0
22:58:42.550, 0, 0, 0, 0
22:58:42.600, 0, 0, 0, 0
22:58:42.650, 0, 0, 0, 0
22:58:42.700, 0, 0, 0, 0
22:58:42.750, 0, 0, 0, 0
22:58:42.800, 0, 0, 0, 0
22:58:42.850, 0, 0, 0, 0
22:58:42.900, 0, 0, 0, 0
22:58:42.950, 0, 0, 0, 0
22:58:43.000, 0, 0, 0, 0
22:58:43.050, 0, 0, 0, 0
22:58:43.100, 0, 0, 0, 0
22:58:43.150, 0, 0, 0, 0
22:58:43.200, 0, 0, 0, 0
22:58:43.250, 0, 0, 0, 0
22:58:43.300, 0, 0, 0, 0
22:58:43.350, 0, 0, 0, 0
22:58:43.400, 0, 0, 0, 0
22:58:43.450, 0, 0, 0, 0
22:58:43.500, 0, 0, 0, 0
22:58:43.550, 0, 0, 0, 0
22:58:43.600, 0, 0, 0, 0
22:58:43.650, 0, 0, 0, 0
22:58:43.700, 0, 0, 0, 0
22:58:43.750, 0, 0, 0, 0
22:58:43.800, 0, 0, 0, 0
22:58:43.850, 0, 0, 0, 0
22:58:43.900, 0, 0, 0, 0
22:58:43.950, 0, 0, 0, 0
22:58:44.000, 0, 0, 0, 0
22:58:44.050, 0, 0, 0, 0
22:58:44.100, 0, 0, 0, 0
22:58:44.150, 0, 0, 0, 0
22:58:44.200, 0, 0, 0, 0
22:58:44.250, 0, 0, 0, 0
22:58:44.300, 0, 0, 0, 0
22:58:44.350, 0, 0, 0, 0
22:58:44.400, 0, 0, 0, 0
22:58:44.450, 0, 0, 0, 0
22:58:44.500, 0, 0, 0, 0
22:58:44.550, 0, 0, 0, 0
22:58:44.600, 0, 0, 0, 0
22:58:44.650, 0, 0, 0, 0
22:58:44.700, 0, 0, 0, 0
22:58:44.750, 0, 0, 0, 0
22:58:44.800, 0, 0, 0, 0
22:58:44.850, 0, 0, 0, 0
22:58:44.900, 0, 0, 0, 0
22:58:44.950, 0, 0, 0, 0
22:58:45.000, 0, 0, 0, 0
22:58:45.050, 0, 0, 0, 0
22:58:45.100, 0, 0, 0, 0
22:58:45.150, 0, 0, 0, 0
22:58:45.200, 0, 0, 0, 0
22:58:45.250, 0, 0, 0, 0
22:58:45.300, 0, 0, 0, 0
22:58:45.350, 0, 0, 0, 0
22:58:45.400, 0, 0, 0, 0
22:58:45.450, 0, 0, 0, 0
22:58:45.500, 0, 0, 0, 0
22:58:45.550, 0, 0, 0, 0
22:58:45.600, 0, 0, 0, 0
22:58:45.650, 0, 0, 0, 0
22:58:45.700, 0, 0, 0, 0
22:58:45.750, 0, 0, 0, 0
22:58:45.800, 0, 0, 0, 0
22:58:45.850, 0, 0, 0, 0
22:58:45.900, 0, 0, 0, 0
22:58:45.951, 0, 0, 0, 0
22:58:46.000, 0, 0, 0, 0
22:58:46.050, 0, 0, 0, 0
22:58:46.100, 0, 0, 0, 0
22:58:46.150, 0, 0, 0, 0
22:58:46.200, 0, 0, 0, 0
22:58:46.250, 0, 0, 0, 0
22:58:46.300, 0, 0, 0, 0
22:58:46.350, 0, 0, 0, 0
22:58:46.400, 0, 0, 0, 0
22:58:46.450, 0, 0, 0, 0
22:58:46.500, 0, 0, 0, 0
22:58:46.550, 0, 0, 0, 0
22:58:46.600, 0, 0, 0, 0
22:58:46.650, 0, 0, 0, 0
22:58:46.700, 0, 0, 0, 0
22:58:46.750, 0, 0, 0, 0
22:58:46.800, 0, 0, 0, 0
22:58:46.850, 0, 0, 0, 0
22:58:46.900, 0, 0, 0, 0
22:58:46.950, 0, 0, 0, 0
22:58:47.000, 0, 0, 0, 0
22:58:47.050, 0, 0, 0, 0
22:58:47.100, 0, 0, 0, 0
22:58:47.150, 0, 0, 0, 0
22:58:47.200, 0, 0, 0, 0
22:58:47.250, 0, 0, 0, 0
22:58:47.300, 0, 0, 0, 0
22:58:47.350, 0, 0, 0, 0
22:58:47.400, 0, 0, 0, 0
22:58:47.450, 0, 0, 0, 0
22:58:47.500, 0, 0, 0, 0
22:58:47.550, 0, 0, 0, 0
22:58:47.600, 0, 0, 0, 0
22:58:47.650, 0, 0, 0, 0
22:58:47.700, 0, 0, 0, 0
22:58:47.751, 0, 0, 0, 0
22:58:47.800, 0, 0, 0, 0
22:58:47.850, 0, 0, 0, 0
22:58:47.900, 0, 0, 0, 0
22:58:47.950, 0, 0, 0, 0
22:58:48.000, 0, 0, 0, 0
22:58:48.050, 0, 0, 0, 0
22:58:48.100, 0, 0, 0, 0
22:58:48.150, 0, 0, 0, 0
22:58:48.200, 0, 0, 0, 0
22:58:48.250, 0, 0, 0, 0
22:58:48.300, 0, 0, 0, 0
22:58:48.350, 0, 0, 0, 0
22:58:48.400, 0, 0, 0, 0
22:58:48.450, 0, 0, 0, 0
22:58:48.500, 0, 0, 0, 0
22:58:48.550, 0, 0, 0, 0
22:58:48.600, 0, 0, 0, 0
22:58:48.650, 0, 0, 0, 0
22:58:48.700, 0, 0, 0, 0
22:58:48.750, 0, 0, 0, 0
22:58:48.800, 0, 0, 0, 0
22:58:48.850, 0, 0, 0, 0
22:58:48.900, 0, 0, 0, 0
22:58:48.950, 0, 0, 0, 0
22:58:49.000, 0, 0, 0, 0
22:58:49.050, 0, 0, 0, 0
22:58:49.100, 0, 0, 0, 0
22:58:49.150, 0, 0, 0, 0
22:58:49.200, 0, 0, 0, 0
22:58:49.250, 0, 0, 0, 0
22:58:49.300, 0, 0, 0, 0
22:58:49.350, 0, 0, 0, 0
22:58:49.400, 0, 0, 0, 0
22:58:49.450, 0, 0, 0, 0
22:58:49.500, 0, 0, 0, 0
22:58:49.550, 0, 0, 0, 0
22:58:49.600, 0, 0, 0, 0
22:58:49.650, 0, 0, 0, 0
22:58:49.700, 0, 0, 0, 0
22:58:49.750, 0, 0, 0, 0
22:58:49.800, 0, 0, 0, 0
22:58:49.850, 0, 0, 0, 0
22:58:49.900, 0, 0, 0, 0
22:58:49.950, 0, 0, 0, 0
22:58:50.000, 0, 0, 0, 0
22:58:50.050, 0, 0, 0, 0
22:58:50.100, 0, 0, 0, 0
22:58:50.150, 0, 0, 0, 0
22:58:50.200, 0, 0, 0, 0
22:58:50.250, 0, 0, 0, 0
22:58:50.300, 0, 0, 0, 0
22:58:50.350, 0, 0, 0, 0
22:58:50.400, 0, 0, 0, 0
22:58:50.450, 0, 0, 0, 0
22:58:50.500, 0, 0, 0, 0
22:58:50.550, 0, 0, 0, 0
22:58:50.600, 0, 0, 0, 0
22:58:50.650, 0, 0, 0, 0
22:58:50.700, 0, 0, 0, 0
22:58:50.750, 0, 0, 0, 0
22:58:50.800, 0, 0, 0, 0
22:58:50.850, 0, 0, 0, 0
22:58:50.900, 0, 0, 0, 0
22:58:50.950, 0, 0, 0, 0
22:58:51.000, 0, 0, 0, 0
22:58:51.050, 0, 0, 0, 0
22:58:51.100, 0, 0, 0, 0
22:58:51.150, 0, 0, 0, 0
22:58:51.200, 0, 0, 0, 0
22:58:51.250, 0, 0, 0, 0
22:58:51.300, 0, 0, 0, 0
22:58:51.350, 0, 0, 0, 0
22:58:51.400, 0, 0, 0, 0
22:58:51.450, 0, 0, 0, 0
22:58:51.500, 0, 0, 0, 0
22:58:51.550, 0, 0, 0, 0
22:58:51.600, 0, 0, 0, 0
22:58:51.650, 0, 0, 0, 0
22:58:51.700, 0, 0, 0, 0
22:58:51.750, 0, 0, 0, 0
22:58:51.800, 0, 0, 0, 0
22:58:51.850, 0, 0, 0, 0
22:58:51.900, 0, 0, 0, 0
22:58:51.950, 0, 0, 0, 0
22:58:52.000, 0, 0, 0, 0
22:58:52.050, 0, 0, 0, 0
22:58:52.100, 0, 0, 0, 0
22:58:52.150, 0, 0, 0, 0
22:58:52.200, 0, 0, 0, 0
22:58:52.250, 0, 0, 0, 0
22:58:52.300, 0, 0, 0, 0
22:58:52.350, 0, 0, 0, 0
22:58:52.400, 0, 0, 0, 0
22:58:52.450, 0, 0, 0, 0
22:58:52.500, 0, 0, 0, 0
22:58:52.550, 0, 0, 0, 0
22:58:52.600, 0, 0, 0, 0
22:58:52.650, 0, 0, 0, 0
22:58:52.700, 0, 0, 0, 0
22:58:52.750, 0, 0, 0, 0
22:58:52.800, 0, 0, 0, 0
22:58:52.850, 0, 0, 0, 0
22:58:52.900, 0, 0, 0, 0
22:58:52.950, 0, 0, 0, 0
22:58:53.000, 0, 0, 0, 0
22:58:53.050, 0, 0, 0, 0
22:58:53.100, 0, 0, 0, 0
22:58:53.150, 0, 0, 0, 0
22:58:53.200, 0, 0, 0, 0
22:58:53.250, 0, 0, 0, 0
22:58:53.300, 0, 0, 0, 0
22:58:53.350, 0, 0, 0, 0
22:58:53.400, 0, 0, 0, 0
22:58:53.450, 0, 0, 0, 0
22:58:53.500, 0, 0, 0, 0
22:58:53.550, 0, 0, 0, 0
22:58:53.600, 0, 0, 0, 0
22:58:53.650, 0, 0, 0, 0
22:58:53.700, 0, 0, 0, 0
22:58:53.750, 0, 0, 0, 0
22:58:53.800, 0, 0, 0, 0
22:58:53.850, 0, 0, 0, 0
22:58:53.900, 0, 0, 0, 0
22:58:53.950, 0, 0, 0, 0
22:58:54.000, 0, 0, 0, 0
22:58:54.050, 0, 0, 0, 0
22:58:54.100, 0, 0, 0, 0
22:58:54.150, 0, 0, 0, 0
22:58:54.200, 0, 0, 0, 0
22:58:54.250, 0, 0, 0, 0
22:58:54.300, 0, 0, 0, 0
22:58:54.350, 0, 0, 0, 0
22:58:54.400, 0, 0, 0, 0
22:58:54.450, 0, 0, 0, 0
22:58:54.500, 0, 0, 0, 0
22:58:54.550, 0, 0, 0, 0
22:58:54.600, 0, 0, 0, 0
22:58:54.650, 0, 0, 0, 0
22:58:54.700, 0, 0, 0, 0
22:58:54.750, 0, 0, 0, 0
22:58:54.800, 0, 0, 0, 0
22:58:54.850, 0, 0, 0, 0
22:58:54.900, 0, 0, 0, 0
22:58:54.950, 0, 0, 0, 0
22:58:55.000, 0, 0, 0, 0
22:58:55.050, 0, 0, 0, 0
22:58:55.100, 0, 0, 0, 0
22:58:55.150, 0, 0, 0, 0
22:58:55.200, 0, 0, 0, 0
22:58:55.250, 0, 0, 0, 0
22:58:55.300, 0, 0, 0, 0
22:58:55.350, 0, 0, 0, 0
22:58:55.400, 0, 0, 0, 0
22:58:55.450, 0, 0, 0, 0
22:58:55.500, 0, 0, 0, 0
22:58:55.550, 0, 0, 0, 0
22:58:55.600, 0, 0, 0, 0
22:58:55.650, 0, 0, 0, 0
22:58:55.700, 0, 0, 0, 0
22:58:55.750, 0, 0, 0, 0
22:58:55.800, 0, 0, 0, 0
22:58:55.850, 0, 0, 0, 0
22:58:55.900, 0, 0, 0, 0
22:58:55.950, 0, 0, 0, 0
22:58:56.000, 0, 0, 0, 0
22:58:56.050, 0, 0, 0, 0
22:58:56.100, 0, 0, 0, 0
22:58:56.150, 0, 0, 0, 0
22:58:56.200, 0, 0, 0, 0
22:58:56.250, 0, 0, 0, 0
22:58:56.300, 0, 0, 0, 0
22:58:56.350, 0, 0, 0, 0
22:58:56.400, 0, 0, 0, 0
22:58:56.450, 0, 0, 0, 0
22:58:56.500, 0, 0, 0, 0
22:58:56.550, 0, 0, 0, 0
22:58:56.600, 0, 0, 0, 0
22:58:56.650, 0, 0, 0, 0
22:58:56.700, 0, 0, 0, 0
22:58:56.750, 0, 0, 0, 0
22:58:56.800, 0, 0, 0, 0
22:58:56.850, 0, 0, 0, 0
22:58:56.900, 0, 0, 0, 0
22:58:56.950, 0, 0, 0, 0
22:58:57.000, 0, 0, 0, 0
22:58:57.050, 0, 0, 0, 0
22:58:57.100, 0, 0, 0, 0
22:58:57.150, 0, 0, 0, 0
22:58:57.200, 0, 0, 0, 0
22:58:57.250, 0, 0, 0, 0
22:58:57.300, 0, 0, 0, 0
22:58:57.350, 0, 0, 0, 0
22:58:57.400, 0, 0, 0, 0
22:58:57.450, 0, 0, 0, 0
22:58:57.500, 0, 0, 0, 0
22:58:57.550, 0, 0, 0, 0
22:58:57.600, 0, 0, 0, 0
22:58:57.650, 0, 0, 0, 0
22:58:57.700, 0, 0, 0, 0
22:58:57.750, 0, 0, 0, 0
22:58:57.800, 0, 0, 0, 0
22:58:57.850, 0, 0, 0, 0
22:58:57.900, 0, 0, 0, 0
22:58:57.950, 0, 0, 0, 0
22:58:58.000, 0, 0, 0, 0
22:58:58.050, 0, 0, 0, 0
22:58:58.100, 0, 0, 0, 0
22:58:58.150, 0, 0, 0, 0
22:58:58.200, 0, 0, 0, 0
22:58:58.250, 0, 0, 0, 0
22:58:58.300, 0, 0, 0, 0
22:58:58.350, 0, 0, 0, 0
22:58:58.400, 0, 0, 0, 0
22:58:58.450, 0, 0, 0, 0
22:58:58.500, 0, 0, 0, 0
22:58:58.550, 0, 0, 0, 0
22:58:58.600, 0, 0, 0, 0
22:58:58.650, 0, 0, 0, 0
22:58:58.700, 0, 0, 0, 0
22:58:58.750, 0, 0, 0, 0
22:58:58.800, 0, 0, 0, 0
22:58:58.850, 0, 0, 0, 0
22:58:58.900, 0, 0, 0, 0
22:58:58.950, 0, 0, 0, 0
22:58:59.000, 0, 0, 0, 0
22:58:59.050, 0, 0, 0, 0
22:58:59.100, 0, 0, 0, 0
22:58:59.150, 0, 0, 0, 0
22:58:59.200, 0, 0, 0, 0
22:58:59.250, 0, 0, 0, 0
22:58:59.300, 0, 0, 0, 0
22:58:59.350, 0, 0, 0, 0
22:58:59.400, 0, 0, 0, 0
22:58:59.450, 0, 0, 0, 0
22:58:59.500, 0, 0, 0, 0
22:58:59.550, 0, 0, 0, 0
22:58:59.600, 0, 0, 0, 0
22:58:59.650, 0, 0, 0, 0
22:58:59.700, 0, 0, 0, 0
22:58:59.750, 0, 0, 0, 0
22:58:59.800, 0, 0, 0, 0
22:58:59.850, 0, 0, 0, 0
22:58:59.900, 0, 0, 0, 0
22:58:59.950, 0, 0, 0, 0
22:59:00.000, 0, 0, 0, 0
22:59:00.050, 0, 0, 0, 0
22:59:00.100, 0, 0, 0, 0
22:59:00.150, 0, 0, 0, 0
22:59:00.200, 0, 0, 0, 0
22:59:00.250, 0, 0, 0, 0
22:59:00.300, 0, 0, 0, 0
22:59:00.350, 0, 0, 0, 0
22:59:00.400, 0, 0, 0, 0
22:59:00.450, 0, 0, 0, 0
22:59:00.500, 0, 0, 0, 0
22:59:00.550, 0, 0, 0, 0
22:59:00.600, 0, 0, 0, 0
22:59:00.650, 0, 0, 0, 0
22:59:00.700, 0, 0, 0, 0
22:59:00.750, 0, 0, 0, 0
22:59:00.800, 0, 0, 0, 0
22:59:00.850, 0, 0, 0, 0
22:59:00.900, 0, 0, 0, 0
22:59:00.950, 0, 0, 0, 0
22:59:01.000, 0, 0, 0, 0
22:59:01.050, 0, 0, 0, 0
22:59:01.100, 0, 0, 0, 0
22:59:01.150, 0, 0, 0, 0
22:59:01.200, 0, 0, 0, 0
22:59:01.250, 0, 0, 0, 0
22:59:01.300, 0, 0, 0, 0
22:59:01.350, 0, 0, 0, 0
22:59:01.400, 0, 0, 0, 0
22:59:01.450, 0, 0, 0, 0
22:59:01.500, 0, 0, 0, 0
22:59:01.550, 0, 0, 0, 0
22:59:01.600, 0, 0, 0, 0
22:59:01.650, 0, 0, 0, 0
22:59:01.700, 0, 0, 0, 0
22:59:01.750, 0, 0, 0, 0
22:59:01.800, 0, 0, 0, 0
22:59:01.850, 0, 0, 0, 0
22:59:01.900, 0, 0, 0, 0
22:59:01.950, 0, 0, 0, 0
22:59:02.000, 0, 0, 0, 0
22:59:02.050, 0, 0, 0, 0
22:59:02.100, 0, 0, 0, 0
22:59:02.150, 0, 0, 0, 0
22:59:02.200, 0, 0, 0, 0
22:59:02.250, 0, 0, 0, 0
22:59:02.300, 0, 0, 0, 0
22:59:02.350, 0, 0, 0, 0
22:59:02.400, 0, 0, 0, 0
22:59:02.450, 0, 0, 0, 0
22:59:02.500, 0, 0, 0, 0
22:59:02.550, 0, 0, 0, 0
22:59:02.600, 0, 0, 0, 0
22:59:02.650, 0, 0, 0, 0
22:59:02.700, 0, 0, 0, 0
22:59:02.750, 0, 0, 0, 0
22:59:02.800, 0, 0, 0, 0
22:59:02.850, 0, 0, 0, 0
22:59:02.900, 0, 0, 0, 0
22:59:02.950, 0, 0, 0, 0
22:59:03.000, 0, 0, 0, 0
22:59:03.050, 0, 0, 0, 0
22:59:03.100, 0, 0, 0, 0
22:59:03.150, 0, 0, 0, 0
22:59:03.200, 0, 0, 0, 0
22:59:03.250, 0, 0, 0, 0
22:59:03.300, 0, 0, 0, 0
22:59:03.350, 0, 0, 0, 0
22:59:03.400, 0, 0, 0, 0
22:59:03.450, 0, 0, 0, 0
22:59:03.500, 0, 0, 0, 0
22:59:03.550, 0, 0, 0, 0
22:59:03.600, 0, 0, 0, 0
22:59:03.650, 0, 0, 0, 0
22:59:03.700, 0, 0, 0, 0
22:59:03.750, 0, 0, 0, 0
22:59:03.800, 0, 0, 0, 0
22:59:03.850, 0, 0, 0, 0
22:59:03.900, 0, 0, 0, 0
22:59:03.950, 0, 0, 0, 0
22:59:04.000, 0, 0, 0, 0
22:59:04.050, 0, 0, 0, 0
22:59:04.100, 0, 0, 0, 0
22:59:04.150, 0, 0, 0, 0
22:59:04.200, 0, 0, 0, 0
22:59:04.250, 0, 0, 0, 0
22:59:04.300, 0, 0, 0, 0
22:59:04.350, 0, 0, 0, 0
22:59:04.400, 0, 0, 0, 0
22:59:04.450, 0, 0, 0, 0
22:59:04.500, 0, 0, 0, 0
22:59:04.550, 0, 0, 0, 0
22:59:04.600, 0, 0, 0, 0
22:59:04.650, 0, 0, 0, 0
22:59:04.700, 0, 0, 0, 0
22:59:04.750, 0, 0, 0, 0
22:59:04.800, 0, 0, 0, 0
22:59:04.850, 0, 0, 0, 0
22:59:04.900, 0, 0, 0, 0
22:59:04.950, 0, 0, 0, 0
22:59:05.000, 0, 0, 0, 0
22:59:05.050, 0, 0, 0, 0
22:59:05.100, 0, 0, 0, 0
22:59:05.150, 0, 0, 0, 0
22:59:05.200, 0, 0, 0, 0
22:59:05.250, 0, 0, 0, 0
22:59:05.300, 0, 0, 0, 0
22:59:05.350, 0, 0, 0, 0
22:59:05.400, 0, 0, 0, 0
22:59:05.450, 0, 0, 0, 0
22:59:05.500, 0, 0, 0, 0
22:59:05.550, 0, 0, 0, 0
22:59:05.600, 0, 0, 0, 0
22:59:05.650, 0, 0, 0, 0
22:59:05.700, 0, 0, 0, 0
22:59:05.750, 0, 0, 0, 0
22:59:05.800, 0, 0, 0, 0
22:59:05.850, 0, 0, 0, 0
22:59:05.900, 0, 0, 0, 0
22:59:05.950, 0, 0, 0, 0
22:59:06.000, 0, 0, 0, 0
22:59:06.050, 0, 0, 0, 0
22:59:06.100, 0, 0, 0, 0
22:59:06.150, 0, 0, 0, 0
22:59:06.200, 0, 0, 0, 0
22:59:06.250, 0, 0, 0, 0
22:59:06.300, 0, 0, 0, 0
22:59:06.350, 0, 0, 0, 0
22:59:06.400, 0, 0, 0, 0
22:59:06.450, 0, 0, 0, 0
22:59:06.500, 0, 0, 0, 0
22:59:06.550, 0, 0, 0, 0
22:59:06.600, 0, 0, 0, 0
22:59:06.650, 0, 0, 0, 0
22:59:06.700, 0, 0, 0, 0
22:59:06.750, 0, 0, 0, 0
22:59:06.800, 0, 0, 0, 0
22:59:06.850, 0, 0, 0, 0
22:59:06.900, 0, 0, 0, 0
22:59:06.950, 0, 0, 0, 0
22:59:07.000, 0, 0, 0, 0
22:59:07.050, 0, 0, 0, 0
22:59:07.100, 0, 0, 0, 0
22:59:07.150, 0, 0, 0, 0
22:59:07.200, 0, 0, 0, 0
22:59:07.250, 0, 0, 0, 0
22:59:07.300, 0, 0, 0, 0
22:59:07.350, 0, 0, 0, 0
22:59:07.400, 0, 0, 0, 0
22:59:07.450, 0, 0, 0, 0
22:59:07.500, 0, 0, 0, 0
22:59:07.550, 0, 0, 0, 0
22:59:07.600, 0, 0, 0, 0
22:59:07.650, 0, 0, 0, 0
22:59:07.700, 0, 0, 0, 0
22:59:07.750, 0, 0, 0, 0
22:59:07.800, 0, 0, 0, 0
22:59:07.850, 0, 0, 0, 0
22:59:07.900, 0, 0, 0, 0
22:59:07.950, 0, 0, 0, 0
22:59:08.000, 0, 0, 0, 0
22:59:08.050, 0, 0, 0, 0
22:59:08.100, 0, 0, 0, 0
22:59:08.150, 0, 0, 0, 0
22:59:08.200, 0, 0, 0, 0
22:59:08.250, 0, 0, 0, 0
22:59:08.300, 0, 0, 0, 0
22:59:08.350, 0, 0, 0, 0
22:59:08.400, 0, 0, 0, 0
22:59:08.450, 0, 0, 0, 0
22:59:08.500, 0, 0, 0, 0
22:59:08.550, 0, 0, 0, 0
22:59:08.600, 0, 0, 0, 0
22:59:08.650, 0, 0, 0, 0
22:59:08.700, 0, 0, 0, 0
22:59:08.750, 0, 0, 0, 0
22:59:08.800, 0, 0, 0, 0
22:59:08.850, 0, 0, 0, 0
22:59:08.900, 0, 0, 0, 0
22:59:08.950, 0, 0, 0, 0
22:59:09.000, 0, 0, 0, 0
22:59:09.050, 0, 0, 0, 0
22:59:09.100, 0, 0, 0, 0
22:59:09.150, 0, 0, 0, 0
22:59:09.200, 0, 0, 0, 0
22:59:09.250, 0, 0, 0, 0
22:59:09.300, 0, 0, 0, 0
22:59:09.350, 0, 0, 0, 0
22:59:09.400, 0, 0, 0, 0
22:59:09.450, 0, 0, 0, 0
22:59:09.500, 0, 0, 0, 0
22:59:09.551, 0, 0, 0, 0
22:59:09.600, 0, 0, 0, 0
22:59:09.651, 0, 0, 0, 0
22:59:09.700, 0, 0, 0, 0
22:59:09.750, 0, 0, 0, 0
22:59:09.800, 0, 0, 0, 0
22:59:09.850, 0, 0, 0, 0
22:59:09.900, 0, 0, 0, 0
22:59:09.950, 0, 0, 0, 0
22:59:10.000, 0, 0, 0, 0
22:59:10.050, 0, 0, 0, 0
22:59:10.100, 0, 0, 0, 0
22:59:10.150, 0, 0, 0, 0
22:59:10.200, 0, 0, 0, 0
22:59:10.250, 0, 0, 0, 0
22:59:10.300, 0, 0, 0, 0
22:59:10.350, 0, 0, 0, 0
22:59:10.400, 0, 0, 0, 0
22:59:10.450, 0, 0, 0, 0
22:59:10.500, 0, 0, 0, 0
22:59:10.550, 0, 0, 0, 0
22:59:10.600, 0, 0, 0, 0
22:59:10.650, 0, 0, 0, 0
22:59:10.700, 0, 0, 0, 0
22:59:10.750, 0, 0, 0, 0
22:59:10.800, 0, 0, 0, 0
22:59:10.850, 0, 0, 0, 0
22:59:10.900, 0, 0, 0, 0
22:59:10.950, 0, 0, 0, 0
22:59:11.000, 0, 0, 0, 0
22:59:11.050, 0, 0, 0, 0
22:59:11.100, 0, 0, 0, 0
22:59:11.150, 0, 0, 0, 0
22:59:11.200, 0, 0, 0, 0
22:59:11.250, 0, 0, 0, 0
22:59:11.300, 0, 0, 0, 0
22:59:11.351, 0, 0, 0, 0
22:59:11.400, 0, 0, 0, 0
22:59:11.450, 0, 0, 0, 0
22:59:11.500, 0, 0, 0, 0
22:59:11.550, 0, 0, 0, 0
22:59:11.600, 0, 0, 0, 0
22:59:11.650, 0, 0, 0, 0
22:59:11.700, 0, 0, 0, 0
22:59:11.750, 0, 0, 0, 0
22:59:11.800, 0, 0, 0, 0
22:59:11.850, 0, 0, 0, 0
22:59:11.900, 0, 0, 0, 0
22:59:11.950, 0, 0, 0, 0
22:59:12.000, 0, 0, 0, 0
22:59:12.050, 0, 0, 0, 0
22:59:12.100, 0, 0, 0, 0
22:59:12.150, 0, 0, 0, 0
22:59:12.200, 0, 0, 0, 0
22:59:12.250, 0, 0, 0, 0
22:59:12.300, 0, 0, 0, 0
22:59:12.350, 0, 0, 0, 0
22:59:12.400, 0, 0, 0, 0
22:59:12.450, 0, 0, 0, 0
22:59:12.500, 0, 0, 0, 0
22:59:12.550, 0, 0, 0, 0
22:59:12.600, 0, 0, 0, 0
22:59:12.650, 0, 0, 0, 0
22:59:12.700, 0, 0, 0, 0
22:59:12.750, 0, 0, 0, 0
22:59:12.800, 0, 0, 0, 0
22:59:12.850, 0, 0, 0, 0
22:59:12.900, 0, 0, 0, 0
22:59:12.950, 0, 0, 0, 0
22:59:13.000, 0, 0, 0, 0
22:59:13.050, 0, 0, 0, 0
22:59:13.100, 0, 0, 0, 0
22:59:13.150, 0, 0, 0, 0
22:59:13.200, 0, 0, 0, 0
22:59:13.250, 0, 0, 0, 0
22:59:13.300, 0, 0, 0, 0
22:59:13.350, 0, 0, 0, 0
22:59:13.400, 0, 0, 0, 0
22:59:13.450, 0, 0, 0, 0
22:59:13.500, 0, 0, 0, 0
22:59:13.550, 0, 0, 0, 0
22:59:13.600, 0, 0, 0, 0
22:59:13.650, 0, 0, 0, 0
22:59:13.700, 0, 0, 0, 0
22:59:13.750, 0, 0, 0, 0
22:59:13.800, 0, 0, 0, 0
22:59:13.850, 0, 0, 0, 0
22:59:13.900, 0, 0, 0, 0
22:59:13.950, 0, 0, 0, 0
22:59:14.000, 0, 0, 0, 0
22:59:14.050, 0, 0, 0, 0
22:59:14.100, 0, 0, 0, 0
22:59:14.150, 0, 0, 0, 0
22:59:14.200, 0, 0, 0, 0
22:59:14.250, 0, 0, 0, 0
22:59:14.300, 0, 0, 0, 0
22:59:14.350, 0, 0, 0, 0
22:59:14.400, 0, 0, 0, 0
22:59:14.450, 0, 0, 0, 0
22:59:14.500, 0, 0, 0, 0
22:59:14.550, 0, 0, 0, 0
22:59:14.600, 0, 0, 0, 0
22:59:14.650, 0, 0, 0, 0
22:59:14.700, 0, 0, 0, 0
22:59:14.750, 0, 0, 0, 0
22:59:14.800, 0, 0, 0, 0
22:59:14.850, 0, 0, 0, 0
22:59:14.900, 0, 0, 0, 0
22:59:14.950, 0, 0, 0, 0
22:59:15.000, 0, 0, 0, 0
22:59:15.050, 0, 0, 0, 0
22:59:15.100, 0, 0, 0, 0
22:59:15.150, 0, 0, 0, 0
22:59:15.200, 0, 0, 0, 0
22:59:15.250, 0, 0, 0, 0
22:59:15.300, 0, 0, 0, 0
22:59:15.350, 0, 0, 0, 0
22:59:15.400, 0, 0, 0, 0
22:59:15.450, 0, 0, 0, 0
22:59:15.500, 0, 0, 0, 0
22:59:15.550, 0, 0, 0, 0
22:59:15.600, 0, 0, 0, 0
22:59:15.650, 0, 0, 0, 0
22:59:15.700, 0, 0, 0, 0
22:59:15.750, 0, 0, 0, 0
22:59:15.800, 0, 0, 0, 0
22:59:15.850, 0, 0, 0, 0
22:59:15.900, 0, 0, 0, 0
22:59:15.950, 0, 0, 0, 0
22:59:16.000, 0, 0, 0, 0
22:59:16.050, 0, 0, 0, 0
22:59:16.100, 0, 0, 0, 0
22:59:16.150, 0, 0, 0, 0
22:59:16.200, 0, 0, 0, 0
22:59:16.250, 0, 0, 0, 0
22:59:16.300, 0, 0, 0, 0
22:59:16.350, 0, 0, 0, 0
22:59:16.400, 0, 0, 0, 0
22:59:16.450, 0, 0, 0, 0
22:59:16.500, 0, 0, 0, 0
22:59:16.550, 0, 0, 0, 0
22:59:16.600, 0, 0, 0, 0
22:59:16.650, 0, 0, 0, 0
22:59:16.700, 0, 0, 0, 0
22:59:16.750, 0, 0, 0, 0
22:59:16.800, 0, 0, 0, 0
22:59:16.850, 0, 0, 0, 0
22:59:16.900, 0, 0, 0, 0
22:59:16.950, 0, 0, 0, 0
22:59:17.000, 0, 0, 0, 0
22:59:17.050, 0, 0, 0, 0
22:59:17.100, 0, 0, 0, 0
22:59:17.150, 0, 0, 0, 0
22:59:17.200, 0, 0, 0, 0
22:59:17.250, 0, 0, 0, 0
22:59:17.300, 0, 0, 0, 0
22:59:17.350, 0, 0, 0, 0
22:59:17.400, 0, 0, 0, 0
22:59:17.450, 0, 0, 0, 0
22:59:17.500, 0, 0, 0, 0
22:59:17.550, 0, 0, 0, 0
22:59:17.600, 0, 0, 0, 0
22:59:17.650, 0, 0, 0, 0
22:59:17.700, 0, 0, 0, 0
22:59:17.750, 0, 0, 0, 0
22:59:17.800, 0, 0, 0, 0
22:59:17.850, 0, 0, 0, 0
22:59:17.900, 0, 0, 0, 0
22:59:17.950, 0, 0, 0, 0
22:59:18.000, 0, 0, 0, 0
22:59:18.050, 0, 0, 0, 0
22:59:18.100, 0, 0, 0, 0
22:59:18.150, 0, 0, 0, 0
22:59:18.200, 0, 0, 0, 0
22:59:18.250, 0, 0, 0, 0
22:59:18.300, 0, 0, 0, 0
22:59:18.350, 0, 0, 0, 0
22:59:18.400, 0, 0, 0, 0
22:59:18.450, 0, 0, 0, 0
22:59:18.500, 0, 0, 0, 0
22:59:18.550, 0, 0, 0, 0
22:59:18.600, 0, 0, 0, 0
22:59:18.650, 0, 0, 0, 0
22:59:18.700, 0, 0, 0, 0
22:59:18.750, 0, 0, 0, 0
22:59:18.800, 0, 0, 0, 0
22:59:18.850, 0, 0, 0, 0
22:59:18.900, 0, 0, 0, 0
22:59:18.950, 0, 0, 0, 0
22:59:19.000, 0, 0, 0, 0
22:59:19.050, 0, 0, 0, 0
22:59:19.100, 0, 0, 0, 0
22:59:19.150, 0, 0, 0, 0
22:59:19.200, 0, 0, 0, 0
22:59:19.250, 0, 0, 0, 0
22:59:19.300, 0, 0, 0, 0
22:59:19.350, 0, 0, 0, 0
22:59:19.400, 0, 0, 0, 0
22:59:19.450, 0, 0, 0, 0
22:59:19.500, 0, 0, 0, 0
22:59:19.550, 0, 0, 0, 0
22:59:19.600, 0, 0, 0, 0
22:59:19.650, 0, 0, 0, 0
22:59:19.700, 0, 0, 0, 0
22:59:19.750, 0, 0, 0, 0
22:59:19.800, 0, 0, 0, 0
22:59:19.850, 0, 0, 0, 0
22:59:19.900, 0, 0, 0, 0
22:59:19.950, 0, 0, 0, 0
22:59:20.000, 0, 0, 0, 0
22:59:20.050, 0, 0, 0, 0
22:59:20.100, 0, 0, 0, 0
22:59:20.150, 0, 0, 0, 0
22:59:20.200, 0, 0, 0, 0
22:59:20.250, 0, 0, 0, 0
22:59:20.300, 0, 0, 0, 0
22:59:20.350, 0, 0, 0, 0
22:59:20.400, 0, 0, 0, 0
22:59:20.450, 0, 0, 0, 0
22:59:20.500, 0, 0, 0, 0
22:59:20.550, 0, 0, 0, 0
22:59:20.600, 0, 0, 0, 0
22:59:20.650, 0, 0, 0, 0
22:59:20.700, 0, 0, 0, 0
22:59:20.750, 0, 0, 0, 0
22:59:20.800, 0, 0, 0, 0
22:59:20.850, 0, 0, 0, 0
22:59:20.900, 0, 0, 0, 0
22:59:20.950, 0, 0, 0, 0
22:59:21.000, 0, 0, 0, 0
22:59:21.050, 0, 0, 0, 0
22:59:21.100, 0, 0, 0, 0
22:59:21.150, 0, 0, 0, 0
22:59:21.200, 0, 0, 0, 0
22:59:21.250, 0, 0, 0, 0
22:59:21.300, 0, 0, 0, 0
22:59:21.350, 0, 0, 0, 0
22:59:21.400, 0, 0, 0, 0
22:59:21.450, 0, 0, 0, 0
22:59:21.500, 0, 0, 0, 0
22:59:21.550, 0, 0, 0, 0
22:59:21.600, 0, 0, 0, 0
22:59:21.650, 0, 0, 0, 0
22:59:21.700, 0, 0, 0, 0
22:59:21.750, 0, 0, 0, 0
22:59:21.800, 0, 0, 0, 0
22:59:21.850, 0, 0, 0, 0
22:59:21.900, 0, 0, 0, 0
22:59:21.950, 0, 0, 0, 0
22:59:22.000, 0, 0, 0, 0
22:59:22.050, 0, 0, 0, 0
22:59:22.100, 0, 0, 0, 0
22:59:22.150, 0, 0, 0, 0
22:59:22.200, 0, 0, 0, 0
22:59:22.250, 0, 0, 0, 0
22:59:22.300, 0, 0, 0, 0
22:59:22.350, 0, 0, 0, 0
22:59:22.400, 0, 0, 0, 0
22:59:22.450, 0, 0, 0, 0
22:59:22.500, 0, 0, 0, 0
22:59:22.550, 0, 0, 0, 0
22:59:22.600, 0, 0, 0, 0
22:59:22.650, 0, 0, 0, 0
22:59:22.700, 0, 0, 0, 0
22:59:22.750, 0, 0, 0, 0
22:59:22.800, 0, 0, 0, 0
22:59:22.850, 0, 0, 0, 0
22:59:22.900, 0, 0, 0, 0
22:59:22.950, 0, 0, 0, 0
22:59:23.000, 0, 0, 0, 0
22:59:23.050, 0, 0, 0, 0
22:59:23.100, 0, 0, 0, 0
22:59:23.150, 0, 0, 0, 0
22:59:23.200, 0, 0, 0, 0
22:59:23.250, 0, 0, 0, 0
22:59:23.300, 0, 0, 0, 0
22:59:23.350, 0, 0, 0, 0
22:59:23.400, 0, 0, 0, 0
22:59:23.450, 0, 0, 0, 0
22:59:23.500, 0, 0, 0, 0
22:59:23.550, 0, 0, 0, 0
22:59:23.600, 0, 0, 0, 0
22:59:23.650, 0, 0, 0, 0
22:59:23.700, 0, 0, 0, 0
22:59:23.750, 0, 0, 0, 0
22:59:23.800, 0, 0, 0, 0
22:59:23.850, 0, 0, 0, 0
22:59:23.900, 0, 0, 0, 0
22:59:23.950, 0, 0, 0, 0
22:59:24.000, 0, 0, 0, 0
22:59:24.050, 0, 0, 0, 0
22:59:24.100, 0, 0, 0, 0
22:59:24.150, 0, 0, 0, 0
22:59:24.200, 0, 0, 0, 0
22:59:24.250, 0, 0, 0, 0
22:59:24.300, 0, 0, 0, 0
22:59:24.350, 0, 0, 0, 0
22:59:24.400, 0, 0, 0, 0
22:59:24.450, 0, 0, 0, 0
22:59:24.500, 0, 0, 0, 0
22:59:24.550, 0, 0, 0, 0
22:59:24.600, 0, 0, 0, 0
22:59:24.650, 0, 0, 0, 0
22:59:24.700, 0, 0, 0, 0
22:59:24.750, 0, 0, 0, 0
22:59:24.800, 0, 0, 0, 0
22:59:24.850, 0, 0, 0, 0
22:59:24.900, 0, 0, 0, 0
22:59:24.950, 0, 0, 0, 0
22:59:25.000, 0, 0, 0, 0
22:59:25.050, 0, 0, 0, 0
22:59:25.100, 0, 0, 0, 0
22:59:25.150, 0, 0, 0, 0
22:59:25.200, 0, 0, 0, 0
22:59:25.250, 0, 0, 0, 0
22:59:25.300, 0, 0, 0, 0
22:59:25.350, 0, 0, 0, 0
22:59:25.400, 0, 0, 0, 0
22:59:25.450, 0, 0, 0, 0
22:59:25.500, 0, 0, 0, 0
22:59:25.550, 0, 0, 0, 0
22:59:25.600, 0, 0, 0, 0
22:59:25.650, 0, 0, 0, 0
22:59:25.700, 0, 0, 0, 0
22:59:25.750, 0, 0, 0, 0
22:59:25.800, 0, 0, 0, 0
22:59:25.850, 0, 0, 0, 0
22:59:25.900, 0, 0, 0, 0
22:59:25.950, 0, 0, 0, 0
22:59:26.000, 0, 0, 0, 0
22:59:26.050, 0, 0, 0, 0
22:59:26.100, 0, 0, 0, 0
22:59:26.150, 0, 0, 0, 0
22:59:26.200, 0, 0, 0, 0
22:59:26.250, 0, 0, 0, 0
22:59:26.300, 0, 0, 0, 0
22:59:26.350, 0, 0, 0, 0
22:59:26.400, 0, 0, 0, 0
22:59:26.450, 0, 0, 0, 0
22:59:26.500, 0, 0, 0, 0
22:59:26.550, 0, 0, 0, 0
22:59:26.600, 0, 0, 0, 0
22:59:26.650, 0, 0, 0, 0
22:59:26.700, 0, 0, 0, 0
22:59:26.750, 0, 0, 0, 0
22:59:26.800, 0, 0, 0, 0
22:59:26.850, 0, 0, 0, 0
22:59:26.900, 0, 0, 0, 0
22:59:26.950, 0, 0, 0, 0
22:59:27.000, 0, 0, 0, 0
22:59:27.050, 0, 0, 0, 0
22:59:27.100, 0, 0, 0, 0
22:59:27.150, 0, 0, 0, 0
22:59:27.200, 0, 0, 0, 0
22:59:27.250, 0, 0, 0, 0
22:59:27.300, 0, 0, 0, 0
22:59:27.350, 0, 0, 0, 0
22:59:27.400, 0, 0, 0, 0
22:59:27.450, 0, 0, 0, 0
22:59:27.500, 0, 0, 0, 0
22:59:27.550, 0, 0, 0, 0
22:59:27.600, 0, 0, 0, 0
22:59:27.650, 0, 0, 0, 0
22:59:27.700, 0, 0, 0, 0
22:59:27.750, 0, 0, 0, 0
22:59:27.800, 0, 0, 0, 0
22:59:27.850, 0, 0, 0, 0
22:59:27.900, 0, 0, 0, 0
22:59:27.950, 0, 0, 0, 0
22:59:28.000, 0, 0, 0, 0
22:59:28.050, 0, 0, 0, 0
22:59:28.100, 0, 0, 0, 0
22:59:28.150, 0, 0, 0, 0
22:59:28.200, 0, 0, 0, 0
22:59:28.250, 0, 0, 0, 0
22:59:28.300, 0, 0, 0, 0
22:59:28.350, 0, 0, 0, 0
22:59:28.400, 0, 0, 0, 0
22:59:28.450, 0, 0, 0, 0
22:59:28.500, 0, 0, 0, 0
22:59:28.550, 0, 0, 0, 0
22:59:28.600, 0, 0, 0, 0
22:59:28.650, 0, 0, 0, 0
22:59:28.700, 0, 0, 0, 0
22:59:28.750, 0, 0, 0, 0
22:59:28.800, 0, 0, 0, 0
22:59:28.850, 0, 0, 0, 0
22:59:28.900, 0, 0, 0, 0
22:59:28.950, 0, 0, 0, 0
22:59:29.000, 0, 0, 0, 0
22:59:29.050, 0, 0, 0, 0
22:59:29.100, 0, 0, 0, 0
22:59:29.150, 0, 0, 0, 0
22:59:29.200, 0, 0, 0, 0
22:59:29.250, 0, 0, 0, 0
22:59:29.300, 0, 0, 0, 0
22:59:29.350, 0, 0, 0, 0
22:59:29.400, 0, 0, 0, 0
22:59:29.450, 0, 0, 0, 0
22:59:29.500, 0, 0, 0, 0
22:59:29.550, 0, 0, 0, 0
22:59:29.600, 0, 0, 0, 0
22:59:29.650, 0, 0, 0, 0
22:59:29.700, 0, 0, 0, 0
22:59:29.750, 0, 0, 0, 0
22:59:29.800, 0, 0, 0, 0
22:59:29.850, 0, 0, 0, 0
22:59:29.900, 0, 0, 0, 0
22:59:29.950, 0, 0, 0, 0
22:59:30.000, 0, 0, 0, 0
22:59:30.050, 0, 0, 0, 0
22:59:30.100, 0, 0, 0, 0
22:59:30.150, 0, 0, 0, 0
22:59:30.200, 0, 0, 0, 0
22:59:30.250, 0, 0, 0, 0
22:59:30.300, 0, 0, 0, 0
22:59:30.350, 0, 0, 0, 0
22:59:30.400, 0, 0, 0, 0
22:59:30.450, 0, 0, 0, 0
22:59:30.500, 0, 0, 0, 0
22:59:30.550, 0, 0, 0, 0
22:59:30.600, 0, 0, 0, 0
22:59:30.650, 0, 0, 0, 0
22:59:30.700, 0, 0, 0, 0
22:59:30.750, 0, 0, 0, 0
22:59:30.800, 0, 0, 0, 0
22:59:30.850, 0, 0, 0, 0
22:59:30.900, 0, 0, 0, 0
22:59:30.950, 0, 0, 0, 0
22:59:31.000, 0, 0, 0, 0
22:59:31.050, 0, 0, 0, 0
22:59:31.100, 0, 0, 0, 0
22:59:31.150, 0, 0, 0, 0
22:59:31.200, 0, 0, 0, 0
22:59:31.250, 0, 0, 0, 0
22:59:31.300, 0, 0, 0, 0
22:59:31.350, 0, 0, 0, 0
22:59:31.400, 0, 0, 0, 0
22:59:31.450, 0, 0, 0, 0
22:59:31.500, 0, 0, 0, 0
22:59:31.550, 0, 0, 0, 0
22:59:31.600, 0, 0, 0, 0
22:59:31.650, 0, 0, 0, 0
22:59:31.700, 0, 0, 0, 0
22:59:31.750, 0, 0, 0, 0
22:59:31.800, 0, 0, 0, 0
22:59:31.850, 0, 0, 0, 0
22:59:31.900, 0, 0, 0, 0
22:59:31.950, 0, 0, 0, 0
22:59:32.000, 0, 0, 0, 0
22:59:32.050, 0, 0, 0, 0
22:59:32.100, 0, 0, 0, 0
22:59:32.150, 0, 0, 0, 0
22:59:32.200, 0, 0, 0, 0
22:59:32.250, 0, 0, 0, 0
22:59:32.300, 0, 0, 0, 0
22:59:32.350, 0, 0, 0, 0
22:59:32.400, 0, 0, 0, 0
22:59:32.450, 0, 0, 0, 0
22:59:32.500, 0, 0, 0, 0
22:59:32.550, 0, 0, 0, 0
22:59:32.600, 0, 0, 0, 0
22:59:32.650, 0, 0, 0, 0
22:59:32.700, 0, 0, 0, 0
22:59:32.750, 0, 0, 0, 0
22:59:32.800, 0, 0, 0, 0
22:59:32.851, 0, 0, 0, 0
22:59:32.900, 0, 0, 0, 0
22:59:32.950, 0, 0, 0, 0
22:59:33.000, 0, 0, 0, 0
22:59:33.050, 0, 0, 0, 0
22:59:33.100, 0, 0, 0, 0
22:59:33.150, 0, 0, 0, 0
22:59:33.200, 0, 0, 0, 0
22:59:33.250, 0, 0, 0, 0
22:59:33.300, 0, 0, 0, 0
22:59:33.350, 0, 0, 0, 0
22:59:33.400, 0, 0, 0, 0
22:59:33.450, 0, 0, 0, 0
22:59:33.500, 0, 0, 0, 0
22:59:33.550, 0, 0, 0, 0
22:59:33.600, 0, 0, 0, 0
22:59:33.650, 0, 0, 0, 0
22:59:33.700, 0, 0, 0, 0
22:59:33.750, 0, 0, 0, 0
22:59:33.800, 0, 0, 0, 0
22:59:33.850, 0, 0, 0, 0
22:59:33.900, 0, 0, 0, 0
22:59:33.950, 0, 0, 0, 0
22:59:34.000, 0, 0, 0, 0
22:59:34.050, 0, 0, 0, 0
22:59:34.100, 0, 0, 0, 0
22:59:34.150, 0, 0, 0, 0
22:59:34.200, 0, 0, 0, 0
22:59:34.250, 0, 0, 0, 0
22:59:34.300, 0, 0, 0, 0
22:59:34.350, 0, 0, 0, 0
22:59:34.400, 0, 0, 0, 0
22:59:34.450, 0, 0, 0, 0
22:59:34.500, 0, 0, 0, 0
22:59:34.550, 0, 0, 0, 0
22:59:34.600, 0, 0, 0, 0
22:59:34.651, 0, 0, 0, 0
22:59:34.700, 0, 0, 0, 0
22:59:34.750, 0, 0, 0, 0
22:59:34.800, 0, 0, 0, 0
22:59:34.850, 0, 0, 0, 0
22:59:34.900, 0, 0, 0, 0
22:59:34.950, 0, 0, 0, 0
22:59:35.000, 0, 0, 0, 0
22:59:35.050, 0, 0, 0, 0
22:59:35.100, 0, 0, 0, 0
22:59:35.150, 0, 0, 0, 0
22:59:35.200, 0, 0, 0, 0
22:59:35.251, 0, 0, 0, 0
22:59:35.300, 0, 0, 0, 0
22:59:35.350, 0, 0, 0, 0
22:59:35.400, 0, 0, 0, 0
22:59:35.450, 0, 0, 0, 0
22:59:35.500, 0, 0, 0, 0
22:59:35.550, 0, 0, 0, 0
22:59:35.600, 0, 0, 0, 0
22:59:35.650, 0, 0, 0, 0
22:59:35.700, 0, 0, 0, 0
22:59:35.750, 0, 0, 0, 0
22:59:35.800, 0, 0, 0, 0
22:59:35.850, 0, 0, 0, 0
22:59:35.900, 0, 0, 0, 0
22:59:35.950, 0, 0, 0, 0
22:59:36.000, 0, 0, 0, 0
22:59:36.050, 0, 0, 0, 0
22:59:36.100, 0, 0, 0, 0
22:59:36.150, 0, 0, 0, 0
22:59:36.200, 0, 0, 0, 0
22:59:36.250, 0, 0, 0, 0
22:59:36.300, 0, 0, 0, 0
22:59:36.350, 0, 0, 0, 0
22:59:36.400, 0, 0, 0, 0
22:59:36.450, 0, 0, 0, 0
22:59:36.500, 0, 0, 0, 0
22:59:36.550, 0, 0, 0, 0
22:59:36.600, 0, 0, 0, 0
22:59:36.650, 0, 0, 0, 0
22:59:36.700, 0, 0, 0, 0
22:59:36.750, 0, 0, 0, 0
22:59:36.800, 0, 0, 0, 0
22:59:36.850, 0, 0, 0, 0
22:59:36.900, 0, 0, 0, 0
22:59:36.950, 0, 0, 0, 0
22:59:37.000, 0, 0, 0, 0
22:59:37.050, 0, 0, 0, 0
22:59:37.100, 0, 0, 0, 0
22:59:37.150, 0, 0, 0, 0
22:59:37.200, 0, 0, 0, 0
22:59:37.250, 0, 0, 0, 0
22:59:37.300, 0, 0, 0, 0
22:59:37.350, 0, 0, 0, 0
22:59:37.400, 0, 0, 0, 0
22:59:37.450, 0, 0, 0, 0
22:59:37.500, 0, 0, 0, 0
22:59:37.550, 0, 0, 0, 0
22:59:37.600, 0, 0, 0, 0
22:59:37.650, 0, 0, 0, 0
22:59:37.700, 0, 0, 0, 0
22:59:37.750, 0, 0, 0, 0
22:59:37.800, 0, 0, 0, 0
22:59:37.850, 0, 0, 0, 0
22:59:37.900, 0, 0, 0, 0
22:59:37.950, 0, 0, 0, 0
22:59:38.000, 0, 0, 0, 0
22:59:38.050, 0, 0, 0, 0
22:59:38.100, 0, 0, 0, 0
22:59:38.150, 0, 0, 0, 0
22:59:38.200, 0, 0, 0, 0
22:59:38.250, 0, 0, 0, 0
22:59:38.300, 0, 0, 0, 0
22:59:38.350, 0, 0, 0, 0
22:59:38.400, 0, 0, 0, 0
22:59:38.450, 0, 0, 0, 0
22:59:38.500, 0, 0, 0, 0
22:59:38.550, 0, 0, 0, 0
22:59:38.600, 0, 0, 0, 0
22:59:38.650, 0, 0, 0, 0
22:59:38.700, 0, 0, 0, 0
22:59:38.750, 0, 0, 0, 0
22:59:38.800, 0, 0, 0, 0
22:59:38.850, 0, 0, 0, 0
22:59:38.900, 0, 0, 0, 0
22:59:38.950, 0, 0, 0, 0
22:59:39.000, 0, 0, 0, 0
22:59:39.050, 0, 0, 0, 0
22:59:39.100, 0, 0, 0, 0
22:59:39.150, 0, 0, 0, 0
22:59:39.200, 0, 0, 0, 0
22:59:39.250, 0, 0, 0, 0
22:59:39.300, 0, 0, 0, 0
22:59:39.350, 0, 0, 0, 0
22:59:39.400, 0, 0, 0, 0
22:59:39.450, 0, 0, 0, 0
22:59:39.500, 0, 0, 0, 0
22:59:39.550, 0, 0, 0, 0
22:59:39.600, 0, 0, 0, 0
22:59:39.650, 0, 0, 0, 0
22:59:39.700, 0, 0, 0, 0
22:59:39.750, 0, 0, 0, 0
22:59:39.800, 0, 0, 0, 0
22:59:39.850, 0, 0, 0, 0
22:59:39.900, 0, 0, 0, 0
22:59:39.950, 0, 0, 0, 0
22:59:40.000, 0, 0, 0, 0
22:59:40.050, 0, 0, 0, 0
22:59:40.100, 0, 0, 0, 0
22:59:40.150, 0, 0, 0, 0
22:59:40.200, 0, 0, 0, 0
22:59:40.250, 0, 0, 0, 0
22:59:40.300, 0, 0, 0, 0
22:59:40.350, 0, 0, 0, 0
22:59:40.400, 0, 0, 0, 0
22:59:40.450, 0, 0, 0, 0
22:59:40.500, 0, 0, 0, 0
22:59:40.550, 0, 0, 0, 0
22:59:40.600, 0, 0, 0, 0
22:59:40.650, 0, 0, 0, 0
22:59:40.700, 0, 0, 0, 0
22:59:40.750, 0, 0, 0, 0
22:59:40.800, 0, 0, 0, 0
22:59:40.850, 0, 0, 0, 0
22:59:40.900, 0, 0, 0, 0
22:59:40.950, 0, 0, 0, 0
22:59:41.000, 0, 0, 0, 0
22:59:41.050, 0, 0, 0, 0
22:59:41.100, 0, 0, 0, 0
22:59:41.150, 0, 0, 0, 0
22:59:41.200, 0, 0, 0, 0
22:59:41.250, 0, 0, 0, 0
22:59:41.300, 0, 0, 0, 0
22:59:41.350, 0, 0, 0, 0
22:59:41.400, 0, 0, 0, 0
22:59:41.450, 0, 0, 0, 0
22:59:41.500, 0, 0, 0, 0
22:59:41.550, 0, 0, 0, 0
22:59:41.600, 0, 0, 0, 0
22:59:41.650, 0, 0, 0, 0
22:59:41.700, 0, 0, 0, 0
22:59:41.750, 0, 0, 0, 0
22:59:41.800, 0, 0, 0, 0
22:59:41.850, 0, 0, 0, 0
22:59:41.900, 0, 0, 0, 0
22:59:41.950, 0, 0, 0, 0
22:59:42.000, 0, 0, 0, 0
22:59:42.050, 0, 0, 0, 0
22:59:42.100, 0, 0, 0, 0
22:59:42.150, 0, 0, 0, 0
22:59:42.200, 0, 0, 0, 0
22:59:42.250, 0, 0, 0, 0
22:59:42.300, 0, 0, 0, 0
22:59:42.350, 0, 0, 0, 0
22:59:42.400, 0, 0, 0, 0
22:59:42.450, 0, 0, 0, 0
22:59:42.500, 0, 0, 0, 0
22:59:42.550, 0, 0, 0, 0
22:59:42.600, 0, 0, 0, 0
22:59:42.650, 0, 0, 0, 0
22:59:42.700, 0, 0, 0, 0
22:59:42.750, 0, 0, 0, 0
22:59:42.800, 0, 0, 0, 0
22:59:42.850, 0, 0, 0, 0
22:59:42.900, 0, 0, 0, 0
22:59:42.950, 0, 0, 0, 0
22:59:43.000, 0, 0, 0, 0
22:59:43.050, 0, 0, 0, 0
22:59:43.100, 0, 0, 0, 0
22:59:43.150, 0, 0, 0, 0
22:59:43.200, 0, 0, 0, 0
22:59:43.250, 0, 0, 0, 0
22:59:43.300, 0, 0, 0, 0
22:59:43.350, 0, 0, 0, 0
22:59:43.400, 0, 0, 0, 0
22:59:43.450, 0, 0, 0, 0
22:59:43.500, 0, 0, 0, 0
22:59:43.550, 0, 0, 0, 0
22:59:43.600, 0, 0, 0, 0
22:59:43.650, 0, 0, 0, 0
22:59:43.700, 0, 0, 0, 0
22:59:43.750, 0, 0, 0, 0
22:59:43.800, 0, 0, 0, 0
22:59:43.850, 0, 0, 0, 0
22:59:43.900, 0, 0, 0, 0
22:59:43.950, 0, 0, 0, 0
22:59:44.000, 0, 0, 0, 0
22:59:44.050, 0, 0, 0, 0
22:59:44.100, 0, 0, 0, 0
22:59:44.150, 0, 0, 0, 0
22:59:44.200, 0, 0, 0, 0
22:59:44.250, 0, 0, 0, 0
22:59:44.300, 0, 0, 0, 0
22:59:44.350, 0, 0, 0, 0
22:59:44.400, 0, 0, 0, 0
22:59:44.450, 0, 0, 0, 0
22:59:44.500, 0, 0, 0, 0
22:59:44.550, 0, 0, 0, 0
22:59:44.600, 0, 0, 0, 0
22:59:44.650, 0, 0, 0, 0
22:59:44.700, 0, 0, 0, 0
22:59:44.750, 0, 0, 0, 0
22:59:44.800, 0, 0, 0, 0
22:59:44.850, 0, 0, 0, 0
22:59:44.900, 0, 0, 0, 0
22:59:44.950, 0, 0, 0, 0
22:59:45.000, 0, 0, 0, 0
22:59:45.050, 0, 0, 0, 0
22:59:45.100, 0, 0, 0, 0
22:59:45.150, 0, 0, 0, 0
22:59:45.200, 0, 0, 0, 0
22:59:45.250, 0, 0, 0, 0
22:59:45.300, 0, 0, 0, 0
22:59:45.350, 0, 0, 0, 0
22:59:45.400, 0, 0, 0, 0
22:59:45.450, 0, 0, 0, 0
22:59:45.500, 0, 0, 0, 0
22:59:45.550, 0, 0, 0, 0
22:59:45.600, 0, 0, 0, 0
22:59:45.650, 0, 0, 0, 0
22:59:45.700, 0, 0, 0, 0
22:59:45.750, 0, 0, 0, 0
22:59:45.800, 0, 0, 0, 0
22:59:45.850, 0, 0, 0, 0
22:59:45.900, 0, 0, 0, 0
22:59:45.950, 0, 0, 0, 0
22:59:46.000, 0, 0, 0, 0
22:59:46.050, 0, 0, 0, 0
22:59:46.100, 0, 0, 0, 0
22:59:46.150, 0, 0, 0, 0
22:59:46.200, 0, 0, 0, 0
22:59:46.250, 0, 0, 0, 0
22:59:46.300, 0, 0, 0, 0
22:59:46.350, 0, 0, 0, 0
22:59:46.400, 0, 0, 0, 0
22:59:46.450, 0, 0, 0, 0
22:59:46.500, 0, 0, 0, 0
22:59:46.550, 0, 0, 0, 0
22:59:46.600, 0, 0, 0, 0
22:59:46.650, 0, 0, 0, 0
22:59:46.700, 0, 0, 0, 0
22:59:46.750, 0, 0, 0, 0
22:59:46.800, 0, 0, 0, 0
22:59:46.850, 0, 0, 0, 0
22:59:46.900, 0, 0, 0, 0
22:59:46.950, 0, 0, 0, 0
22:59:47.000, 0, 0, 0, 0
22:59:47.050, 0, 0, 0, 0
22:59:47.100, 0, 0, 0, 0
22:59:47.150, 0, 0, 0, 0
22:59:47.200, 0, 0, 0, 0
22:59:47.250, 0, 0, 0, 0
22:59:47.300, 0, 0, 0, 0
22:59:47.350, 0, 0, 0, 0
22:59:47.400, 0, 0, 0, 0
22:59:47.450, 0, 0, 0, 0
22:59:47.500, 0, 0, 0, 0
22:59:47.550, 0, 0, 0, 0
22:59:47.600, 0, 0, 0, 0
22:59:47.650, 0, 0, 0, 0
22:59:47.700, 0, 0, 0, 0
22:59:47.750, 0, 0, 0, 0
22:59:47.800, 0, 0, 0, 0
22:59:47.850, 0, 0, 0, 0
22:59:47.900, 0, 0, 0, 0
22:59:47.950, 0, 0, 0, 0
22:59:48.000, 0, 0, 0, 0
22:59:48.050, 0, 0, 0, 0
22:59:48.100, 0, 0, 0, 0
22:59:48.150, 0, 0, 0, 0
22:59:48.200, 0, 0, 0, 0
22:59:48.250, 0, 0, 0, 0
22:59:48.300, 0, 0, 0, 0
22:59:48.350, 0, 0, 0, 0
22:59:48.400, 0, 0, 0, 0
22:59:48.450, 0, 0, 0, 0
22:59:48.500, 0, 0, 0, 0
22:59:48.550, 0, 0, 0, 0
22:59:48.600, 0, 0, 0, 0
22:59:48.650, 0, 0, 0, 0
22:59:48.700, 0, 0, 0, 0
22:59:48.750, 0, 0, 0, 0
22:59:48.800, 0, 0, 0, 0
22:59:48.850, 0, 0, 0, 0
22:59:48.900, 0, 0, 0, 0
22:59:48.950, 0, 0, 0, 0
22:59:49.000, 0, 0, 0, 0
22:59:49.050, 0, 0, 0, 0
22:59:49.100, 0, 0, 0, 0
22:59:49.150, 0, 0, 0, 0
22:59:49.200, 0, 0, 0, 0
22:59:49.250, 0, 0, 0, 0
22:59:49.300, 0, 0, 0, 0
22:59:49.350, 0, 0, 0, 0
22:59:49.400, 0, 0, 0, 0
22:59:49.450, 0, 0, 0, 0
22:59:49.500, 0, 0, 0, 0
22:59:49.550, 0, 0, 0, 0
22:59:49.600, 0, 0, 0, 0
22:59:49.650, 0, 0, 0, 0
22:59:49.700, 0, 0, 0, 0
22:59:49.750, 0, 0, 0, 0
22:59:49.800, 0, 0, 0, 0
22:59:49.850, 0, 0, 0, 0
22:59:49.900, 0, 0, 0, 0
22:59:49.950, 0, 0, 0, 0
22:59:50.000, 0, 0, 0, 0
22:59:50.050, 0, 0, 0, 0
22:59:50.100, 0, 0, 0, 0
22:59:50.150, 0, 0, 0, 0
22:59:50.200, 0, 0, 0, 0
22:59:50.250, 0, 0, 0, 0
22:59:50.300, 0, 0, 0, 0
22:59:50.350, 0, 0, 0, 0
22:59:50.400, 0, 0, 0, 0
22:59:50.450, 0, 0, 0, 0
22:59:50.500, 0, 0, 0, 0
22:59:50.550, 0, 0, 0, 0
22:59:50.600, 0, 0, 0, 0
22:59:50.650, 0, 0, 0, 0
22:59:50.700, 0, 0, 0, 0
22:59:50.750, 0, 0, 0, 0
22:59:50.800, 0, 0, 0, 0
22:59:50.850, 0, 0, 0, 0
22:59:50.900, 0, 0, 0, 0
22:59:50.950, 0, 0, 0, 0
22:59:51.000, 0, 0, 0, 0
22:59:51.050, 0, 0, 0, 0
22:59:51.100, 0, 0, 0, 0
22:59:51.150, 0, 0, 0, 0
22:59:51.200, 0, 0, 0, 0
22:59:51.250, 0, 0, 0, 0
22:59:51.300, 0, 0, 0, 0
22:59:51.350, 0, 0, 0, 0
22:59:51.400, 0, 0, 0, 0
22:59:51.450, 0, 0, 0, 0
22:59:51.500, 0, 0, 0, 0
22:59:51.550, 0, 0, 0, 0
22:59:51.600, 0, 0, 0, 0
22:59:51.650, 0, 0, 0, 0
22:59:51.700, 0, 0, 0, 0
22:59:51.750, 0, 0, 0, 0
22:59:51.800, 0, 0, 0, 0
22:59:51.850, 0, 0, 0, 0
22:59:51.900, 0, 0, 0, 0
22:59:51.950, 0, 0, 0, 0
22:59:52.000, 0, 0, 0, 0
22:59:52.050, 0, 0, 0, 0
22:59:52.100, 0, 0, 0, 0
22:59:52.150, 0, 0, 0, 0
22:59:52.200, 0, 0, 0, 0
22:59:52.250, 0, 0, 0, 0
22:59:52.300, 0, 0, 0, 0
22:59:52.350, 0, 0, 0, 0
22:59:52.400, 0, 0, 0, 0
22:59:52.450, 0, 0, 0, 0
22:59:52.500, 0, 0, 0, 0
22:59:52.550, 0, 0, 0, 0
22:59:52.600, 0, 0, 0, 0
22:59:52.650, 0, 0, 0, 0
22:59:52.700, 0, 0, 0, 0
22:59:52.750, 0, 0, 0, 0
22:59:52.800, 0, 0, 0, 0
22:59:52.850, 0, 0, 0, 0
22:59:52.900, 0, 0, 0, 0
22:59:52.950, 0, 0, 0, 0
22:59:53.000, 0, 0, 0, 0
22:59:53.050, 0, 0, 0, 0
22:59:53.100, 0, 0, 0, 0
22:59:53.150, 0, 0, 0, 0
22:59:53.200, 0, 0, 0, 0
22:59:53.250, 0, 0, 0, 0
22:59:53.300, 0, 0, 0, 0
22:59:53.350, 0, 0, 0, 0
22:59:53.400, 0, 0, 0, 0
22:59:53.450, 0, 0, 0, 0
22:59:53.500, 0, 0, 0, 0
22:59:53.550, 0, 0, 0, 0
22:59:53.600, 0, 0, 0, 0
22:59:53.650, 0, 0, 0, 0
22:59:53.700, 0, 0, 0, 0
22:59:53.750, 0, 0, 0, 0
22:59:53.800, 0, 0, 0, 0
22:59:53.850, 0, 0, 0, 0
22:59:53.900, 0, 0, 0, 0
22:59:53.950, 0, 0, 0, 0
22:59:54.000, 0, 0, 0, 0
22:59:54.050, 0, 0, 0, 0
22:59:54.100, 0, 0, 0, 0
22:59:54.150, 0, 0, 0, 0
22:59:54.200, 0, 0, 0, 0
22:59:54.250, 0, 0, 0, 0
22:59:54.300, 0, 0, 0, 0
22:59:54.350, 0, 0, 0, 0
22:59:54.400, 0, 0, 0, 0
22:59:54.450, 0, 0, 0, 0
22:59:54.500, 0, 0, 0, 0
22:59:54.550, 0, 0, 0, 0
22:59:54.600, 0, 0, 0, 0
22:59:54.650, 0, 0, 0, 0
22:59:54.700, 0, 0, 0, 0
22:59:54.750, 0, 0, 0, 0
22:59:54.800, 0, 0, 0, 0
22:59:54.850, 0, 0, 0, 0
22:59:54.900, 0, 0, 0, 0
22:59:54.950, 0, 0, 0, 0
22:59:55.000, 0, 0, 0, 0
22:59:55.050, 0, 0, 0, 0
22:59:55.100, 0, 0, 0, 0
22:59:55.150, 0, 0, 0, 0
22:59:55.200, 0, 0, 0, 0
22:59:55.250, 0, 0, 0, 0
22:59:55.300, 0, 0, 0, 0
22:59:55.350, 0, 0, 0, 0
22:59:55.400, 0, 0, 0, 0
22:59:55.450, 0, 0, 0, 0
22:59:55.500, 0, 0, 0, 0
22:59:55.550, 0, 0, 0, 0
22:59:55.600, 0, 0, 0, 0
22:59:55.650, 0, 0, 0, 0
22:59:55.700, 0, 0, 0, 0
22:59:55.750, 0, 0, 0, 0
22:59:55.800, 0, 0, 0, 0
22:59:55.850, 0, 0, 0, 0
22:59:55.900, 0, 0, 0, 0
22:59:55.950, 0, 0, 0, 0
22:59:56.000, 0, 0, 0, 0
22:59:56.050, 0, 0, 0, 0
22:59:56.101, 0, 0, 0, 0
22:59:56.150, 0, 0, 0, 0
22:59:56.200, 0, 0, 0, 0
22:59:56.250, 0, 0, 0, 0
22:59:56.300, 0, 0, 0, 0
22:59:56.350, 0, 0, 0, 0
22:59:56.400, 0, 0, 0, 0
22:59:56.450, 0, 0, 0, 0
22:59:56.500, 0, 0, 0, 0
22:59:56.550, 0, 0, 0, 0
22:59:56.600, 0, 0, 0, 0
22:59:56.650, 0, 0, 0, 0
22:59:56.700, 0, 0, 0, 0
22:59:56.750, 0, 0, 0, 0
22:59:56.800, 0, 0, 0, 0
22:59:56.850, 0, 0, 0, 0
22:59:56.900, 0, 0, 0, 0
22:59:56.950, 0, 0, 0, 0
22:59:57.000, 0, 0, 0, 0
22:59:57.050, 0, 0, 0, 0
22:59:57.100, 0, 0, 0, 0
22:59:57.150, 0, 0, 0, 0
22:59:57.200, 0, 0, 0, 0
22:59:57.250, 0, 0, 0, 0
22:59:57.300, 0, 0, 0, 0
22:59:57.350, 0, 0, 0, 0
22:59:57.400, 0, 0, 0, 0
22:59:57.450, 0, 0, 0, 0
22:59:57.500, 0, 0, 0, 0
22:59:57.550, 0, 0, 0, 0
22:59:57.600, 0, 0, 0, 0
22:59:57.650, 0, 0, 0, 0
22:59:57.700, 0, 0, 0, 0
22:59:57.751, 0, 0, 0, 0
22:59:57.800, 0, 0, 0, 0
22:59:57.850, 0, 0, 0, 0
22:59:57.900, 0, 0, 0, 0
22:59:57.950, 0, 0, 0, 0
22:59:58.000, 0, 0, 0, 0
22:59:58.050, 0, 0, 0, 0
22:59:58.100, 0, 0, 0, 0
22:59:58.150, 0, 0, 0, 0
22:59:58.200, 0, 0, 0, 0
22:59:58.250, 0, 0, 0, 0
22:59:58.300, 0, 0, 0, 0
22:59:58.350, 0, 0, 0, 0
22:59:58.400, 0, 0, 0, 0
22:59:58.450, 0, 0, 0, 0
22:59:58.500, 0, 0, 0, 0
22:59:58.550, 0, 0, 0, 0
22:59:58.600, 0, 0, 0, 0
22:59:58.650, 0, 0, 0, 0
22:59:58.700, 0, 0, 0, 0
22:59:58.750, 0, 0, 0, 0
22:59:58.800, 0, 0, 0, 0
22:59:58.850, 0, 0, 0, 0
22:59:58.900, 0, 0, 0, 0
22:59:58.950, 0, 0, 0, 0
22:59:59.000, 0, 0, 0, 0
22:59:59.050, 0, 0, 0, 0
22:59:59.100, 0, 0, 0, 0
22:59:59.150, 0, 0, 0, 0
22:59:59.200, 0, 0, 0, 0
22:59:59.250, 0, 0, 0, 0
22:59:59.300, 0, 0, 0, 0
22:59:59.350, 0, 0, 0, 0
22:59:59.400, 0, 0, 0, 0
22:59:59.450, 0, 0, 0, 0
22:59:59.500, 0, 0, 0, 0
22:59:59.550, 0, 0, 0, 0
22:59:59.600, 0, 0, 0, 0
22:59:59.650, 0, 0, 0, 0
22:59:59.700, 0, 0, 0, 0
22:59:59.750, 0, 0, 0, 0
22:59:59.800, 0, 0, 0, 0
22:59:59.850, 0, 0, 0, 0
22:59:59.900, 0, 0, 0, 0
22:59:59.950, 0, 0, 0, 0
23:00:00.000, 0, 0, 0, 0
23:00:00.050, 0, 0, 0, 0
23:00:00.100, 0, 0, 0, 0
23:00:00.150, 0, 0, 0, 0
23:00:00.200, 0, 0, 0, 0
23:00:00.250, 0, 0, 0, 0
23:00:00.300, 0, 0, 0, 0
23:00:00.350, 0, 0, 0, 0
23:00:00.400, 0, 0, 0, 0
23:00:00.450, 0, 0, 0, 0
23:00:00.500, 0, 0, 0, 0
23:00:00.550, 0, 0, 0, 0
23:00:00.600, 0, 0, 0, 0
23:00:00.650, 0, 0, 0, 0
23:00:00.700, 0, 0, 0, 0
23:00:00.750, 0, 0, 0, 0
23:00:00.800, 0, 0, 0, 0
23:00:00.850, 0, 0, 0, 0
23:00:00.900, 0, 0, 0, 0
23:00:00.950, 0, 0, 0, 0
23:00:01.000, 0, 0, 0, 0
23:00:01.050, 0, 0, 0, 0
23:00:01.100, 0, 0, 0, 0
23:00:01.150, 0, 0, 0, 0
23:00:01.200, 0, 0, 0, 0
23:00:01.250, 0, 0, 0, 0
23:00:01.300, 0, 0, 0, 0
23:00:01.350, 0, 0, 0, 0
23:00:01.400, 0, 0, 0, 0
23:00:01.450, 0, 0, 0, 0
23:00:01.500, 0, 0, 0, 0
23:00:01.550, 0, 0, 0, 0
23:00:01.600, 0, 0, 0, 0
23:00:01.650, 0, 0, 0, 0
23:00:01.700, 0, 0, 0, 0
23:00:01.750, 0, 0, 0, 0
23:00:01.800, 0, 0, 0, 0
23:00:01.850, 0, 0, 0, 0
23:00:01.900, 0, 0, 0, 0
23:00:01.950, 0, 0, 0, 0
23:00:02.000, 0, 0, 0, 0
23:00:02.050, 0, 0, 0, 0
23:00:02.100, 0, 0, 0, 0
23:00:02.150, 0, 0, 0, 0
23:00:02.200, 0, 0, 0, 0
23:00:02.250, 0, 0, 0, 0
23:00:02.300, 0, 0, 0, 0
23:00:02.350, 0, 0, 0, 0
23:00:02.400, 0, 0, 0, 0
23:00:02.450, 0, 0, 0, 0
23:00:02.500, 0, 0, 0, 0
23:00:02.550, 0, 0, 0, 0
23:00:02.600, 0, 0, 0, 0
23:00:02.650, 0, 0, 0, 0
23:00:02.700, 0, 0, 0, 0
23:00:02.750, 0, 0, 0, 0
23:00:02.800, 0, 0, 0, 0
23:00:02.850, 0, 0, 0, 0
23:00:02.900, 0, 0, 0, 0
23:00:02.950, 0, 0, 0, 0
23:00:03.000, 0, 0, 0, 0
23:00:03.050, 0, 0, 0, 0
23:00:03.100, 0, 0, 0, 0
23:00:03.150, 0, 0, 0, 0
23:00:03.200, 0, 0, 0, 0
23:00:03.250, 0, 0, 0, 0
23:00:03.300, 0, 0, 0, 0
23:00:03.350, 0, 0, 0, 0
23:00:03.400, 0, 0, 0, 0
23:00:03.450, 0, 0, 0, 0
23:00:03.500, 0, 0, 0, 0
23:00:03.550, 0, 0, 0, 0
23:00:03.600, 0, 0, 0, 0
23:00:03.650, 0, 0, 0, 0
23:00:03.700, 0, 0, 0, 0
23:00:03.750, 0, 0, 0, 0
23:00:03.800, 0, 0, 0, 0
23:00:03.850, 0, 0, 0, 0
23:00:03.900, 0, 0, 0, 0
23:00:03.950, 0, 0, 0, 0
23:00:04.000, 0, 0, 0, 0
23:00:04.050, 0, 0, 0, 0
23:00:04.100, 0, 0, 0, 0
23:00:04.150, 0, 0, 0, 0
23:00:04.200, 0, 0, 0, 0
23:00:04.250, 0, 0, 0, 0
23:00:04.300, 0, 0, 0, 0
23:00:04.350, 0, 0, 0, 0
23:00:04.400, 0, 0, 0, 0
23:00:04.450, 0, 0, 0, 0
23:00:04.500, 0, 0, 0, 0
23:00:04.550, 0, 0, 0, 0
23:00:04.600, 0, 0, 0, 0
23:00:04.650, 0, 0, 0, 0
23:00:04.700, 0, 0, 0, 0
23:00:04.750, 0, 0, 0, 0
23:00:04.800, 0, 0, 0, 0
23:00:04.850, 0, 0, 0, 0
23:00:04.900, 0, 0, 0, 0
23:00:04.950, 0, 0, 0, 0
23:00:05.000, 0, 0, 0, 0
23:00:05.050, 0, 0, 0, 0
23:00:05.100, 0, 0, 0, 0
23:00:05.150, 0, 0, 0, 0
23:00:05.200, 0, 0, 0, 0
23:00:05.250, 0, 0, 0, 0
23:00:05.300, 0, 0, 0, 0
23:00:05.350, 0, 0, 0, 0
23:00:05.400, 0, 0, 0, 0
23:00:05.450, 0, 0, 0, 0
23:00:05.500, 0, 0, 0, 0
23:00:05.550, 0, 0, 0, 0
23:00:05.600, 0, 0, 0, 0
23:00:05.650, 0, 0, 0, 0
23:00:05.700, 0, 0, 0, 0
23:00:05.750, 0, 0, 0, 0
23:00:05.800, 0, 0, 0, 0
23:00:05.850, 0, 0, 0, 0
23:00:05.900, 0, 0, 0, 0
23:00:05.950, 0, 0, 0, 0
23:00:06.000, 0, 0, 0, 0
23:00:06.050, 0, 0, 0, 0
23:00:06.100, 0, 0, 0, 0
23:00:06.150, 0, 0, 0, 0
23:00:06.200, 0, 0, 0, 0
23:00:06.250, 0, 0, 0, 0
23:00:06.300, 0, 0, 0, 0
23:00:06.350, 0, 0, 0, 0
23:00:06.400, 0, 0, 0, 0
23:00:06.450, 0, 0, 0, 0
23:00:06.500, 0, 0, 0, 0
23:00:06.550, 0, 0, 0, 0
23:00:06.600, 0, 0, 0, 0
23:00:06.650, 0, 0, 0, 0
23:00:06.700, 0, 0, 0, 0
23:00:06.750, 0, 0, 0, 0
23:00:06.800, 0, 0, 0, 0
23:00:06.850, 0, 0, 0, 0
23:00:06.900, 0, 0, 0, 0
23:00:06.950, 0, 0, 0, 0
23:00:07.000, 0, 0, 0, 0
23:00:07.050, 0, 0, 0, 0
23:00:07.100, 0, 0, 0, 0
23:00:07.150, 0, 0, 0, 0
23:00:07.200, 0, 0, 0, 0
23:00:07.250, 0, 0, 0, 0
23:00:07.300, 0, 0, 0, 0
23:00:07.350, 0, 0, 0, 0
23:00:07.400, 0, 0, 0, 0
23:00:07.450, 0, 0, 0, 0
23:00:07.500, 0, 0, 0, 0
23:00:07.550, 0, 0, 0, 0
23:00:07.600, 0, 0, 0, 0
23:00:07.650, 0, 0, 0, 0
23:00:07.700, 0, 0, 0, 0
23:00:07.750, 0, 0, 0, 0
23:00:07.800, 0, 0, 0, 0
23:00:07.850, 0, 0, 0, 0
23:00:07.900, 0, 0, 0, 0
23:00:07.950, 0, 0, 0, 0
23:00:08.000, 0, 0, 0, 0
23:00:08.050, 0, 0, 0, 0
23:00:08.100, 0, 0, 0, 0
23:00:08.150, 0, 0, 0, 0
23:00:08.200, 0, 0, 0, 0
23:00:08.250, 0, 0, 0, 0
23:00:08.300, 0, 0, 0, 0
23:00:08.350, 0, 0, 0, 0
23:00:08.400, 0, 0, 0, 0
23:00:08.450, 0, 0, 0, 0
23:00:08.500, 0, 0, 0, 0
23:00:08.550, 0, 0, 0, 0
23:00:08.600, 0, 0, 0, 0
23:00:08.650, 0, 0, 0, 0
23:00:08.700, 0, 0, 0, 0
23:00:08.750, 0, 0, 0, 0
23:00:08.800, 0, 0, 0, 0
23:00:08.850, 0, 0, 0, 0
23:00:08.900, 0, 0, 0, 0
23:00:08.950, 0, 0, 0, 0
23:00:09.000, 0, 0, 0, 0
23:00:09.050, 0, 0, 0, 0
23:00:09.100, 0, 0, 0, 0
23:00:09.150, 0, 0, 0, 0
23:00:09.200, 0, 0, 0, 0
23:00:09.250, 0, 0, 0, 0
23:00:09.300, 0, 0, 0, 0
23:00:09.350, 0, 0, 0, 0
23:00:09.400, 0, 0, 0, 0
23:00:09.450, 0, 0, 0, 0
23:00:09.500, 0, 0, 0, 0
23:00:09.550, 0, 0, 0, 0
23:00:09.600, 0, 0, 0, 0
23:00:09.650, 0, 0, 0, 0
23:00:09.700, 0, 0, 0, 0
23:00:09.750, 0, 0, 0, 0
23:00:09.800, 0, 0, 0, 0
23:00:09.850, 0, 0, 0, 0
23:00:09.900, 0, 0, 0, 0
23:00:09.950, 0, 0, 0, 0
23:00:10.000, 0, 0, 0, 0
23:00:10.050, 0, 0, 0, 0
23:00:10.100, 0, 0, 0, 0
23:00:10.150, 0, 0, 0, 0
23:00:10.200, 0, 0, 0, 0
23:00:10.250, 0, 0, 0, 0
23:00:10.300, 0, 0, 0, 0
23:00:10.350, 0, 0, 0, 0
23:00:10.400, 0, 0, 0, 0
23:00:10.450, 0, 0, 0, 0
23:00:10.500, 0, 0, 0, 0
23:00:10.550, 0, 0, 0, 0
23:00:10.600, 0, 0, 0, 0
23:00:10.650, 0, 0, 0, 0
23:00:10.700, 0, 0, 0, 0
23:00:10.750, 0, 0, 0, 0
23:00:10.800, 0, 0, 0, 0
23:00:10.850, 0, 0, 0, 0
23:00:10.900, 0, 0, 0, 0
23:00:10.950, 0, 0, 0, 0
23:00:11.000, 0, 0, 0, 0
23:00:11.050, 0, 0, 0, 0
23:00:11.100, 0, 0, 0, 0
23:00:11.150, 0, 0, 0, 0
23:00:11.200, 0, 0, 0, 0
23:00:11.250, 0, 0, 0, 0
23:00:11.300, 0, 0, 0, 0
23:00:11.350, 0, 0, 0, 0
23:00:11.400, 0, 0, 0, 0
23:00:11.450, 0, 0, 0, 0
23:00:11.500, 0, 0, 0, 0
23:00:11.550, 0, 0, 0, 0
23:00:11.600, 0, 0, 0, 0
23:00:11.650, 0, 0, 0, 0
23:00:11.700, 0, 0, 0, 0
23:00:11.750, 0, 0, 0, 0
23:00:11.800, 0, 0, 0, 0
23:00:11.850, 0, 0, 0, 0
23:00:11.900, 0, 0, 0, 0
23:00:11.950, 0, 0, 0, 0
23:00:12.000, 0, 0, 0, 0
23:00:12.050, 0, 0, 0, 0
23:00:12.100, 0, 0, 0, 0
23:00:12.150, 0, 0, 0, 0
23:00:12.200, 0, 0, 0, 0
23:00:12.250, 0, 0, 0, 0
23:00:12.300, 0, 0, 0, 0
23:00:12.350, 0, 0, 0, 0
23:00:12.400, 0, 0, 0, 0
23:00:12.450, 0, 0, 0, 0
23:00:12.500, 0, 0, 0, 0
23:00:12.550, 0, 0, 0, 0
23:00:12.600, 0, 0, 0, 0
23:00:12.650, 0, 0, 0, 0
23:00:12.700, 0, 0, 0, 0
23:00:12.750, 0, 0, 0, 0
23:00:12.800, 0, 0, 0, 0
23:00:12.850, 0, 0, 0, 0
23:00:12.900, 0, 0, 0, 0
23:00:12.950, 0, 0, 0, 0
23:00:13.000, 0, 0, 0, 0
23:00:13.050, 0, 0, 0, 0
23:00:13.100, 0, 0, 0, 0
23:00:13.150, 0, 0, 0, 0
23:00:13.200, 0, 0, 0, 0
23:00:13.250, 0, 0, 0, 0
23:00:13.300, 0, 0, 0, 0
23:00:13.350, 0, 0, 0, 0
23:00:13.400, 0, 0, 0, 0
23:00:13.450, 0, 0, 0, 0
23:00:13.500, 0, 0, 0, 0
23:00:13.550, 0, 0, 0, 0
23:00:13.600, 0, 0, 0, 0
23:00:13.650, 0, 0, 0, 0
23:00:13.700, 0, 0, 0, 0
23:00:13.750, 0, 0, 0, 0
23:00:13.800, 0, 0, 0, 0
23:00:13.850, 0, 0, 0, 0
23:00:13.900, 0, 0, 0, 0
23:00:13.950, 0, 0, 0, 0
23:00:14.000, 0, 0, 0, 0
23:00:14.050, 0, 0, 0, 0
23:00:14.100, 0, 0, 0, 0
23:00:14.150, 0, 0, 0, 0
23:00:14.200, 0, 0, 0, 0
23:00:14.250, 0, 0, 0, 0
23:00:14.300, 0, 0, 0, 0
23:00:14.350, 0, 0, 0, 0
23:00:14.400, 0, 0, 0, 0
23:00:14.450, 0, 0, 0, 0
23:00:14.500, 0, 0, 0, 0
23:00:14.550, 0, 0, 0, 0
23:00:14.600, 0, 0, 0, 0
23:00:14.650, 0, 0, 0, 0
23:00:14.700, 0, 0, 0, 0
23:00:14.750, 0, 0, 0, 0
23:00:14.800, 0, 0, 0, 0
23:00:14.850, 0, 0, 0, 0
23:00:14.900, 0, 0, 0, 0
23:00:14.950, 0, 0, 0, 0
23:00:15.000, 0, 0, 0, 0
23:00:15.050, 0, 0, 0, 0
23:00:15.100, 0, 0, 0, 0
23:00:15.150, 0, 0, 0, 0
23:00:15.200, 0, 0, 0, 0
23:00:15.250, 0, 0, 0, 0
23:00:15.300, 0, 0, 0, 0
23:00:15.350, 0, 0, 0, 0
23:00:15.400, 0, 0, 0, 0
23:00:15.450, 0, 0, 0, 0
23:00:15.500, 0, 0, 0, 0
23:00:15.550, 0, 0, 0, 0
23:00:15.600, 0, 0, 0, 0
23:00:15.650, 0, 0, 0, 0
23:00:15.700, 0, 0, 0, 0
23:00:15.750, 0, 0, 0, 0
23:00:15.800, 0, 0, 0, 0
23:00:15.850, 0, 0, 0, 0
23:00:15.900, 0, 0, 0, 0
23:00:15.950, 0, 0, 0, 0
23:00:16.000, 0, 0, 0, 0
23:00:16.050, 0, 0, 0, 0
23:00:16.100, 0, 0, 0, 0
23:00:16.150, 0, 0, 0, 0
23:00:16.200, 0, 0, 0, 0
23:00:16.250, 0, 0, 0, 0
23:00:16.300, 0, 0, 0, 0
23:00:16.350, 0, 0, 0, 0
23:00:16.400, 0, 0, 0, 0
23:00:16.450, 0, 0, 0, 0
23:00:16.500, 0, 0, 0, 0
23:00:16.550, 0, 0, 0, 0
23:00:16.600, 0, 0, 0, 0
23:00:16.650, 0, 0, 0, 0
23:00:16.700, 0, 0, 0, 0
23:00:16.750, 0, 0, 0, 0
23:00:16.800, 0, 0, 0, 0
23:00:16.850, 0, 0, 0, 0
23:00:16.900, 0, 0, 0, 0
23:00:16.950, 0, 0, 0, 0
23:00:17.000, 0, 0, 0, 0
23:00:17.050, 0, 0, 0, 0
23:00:17.100, 0, 0, 0, 0
23:00:17.150, 0, 0, 0, 0
23:00:17.200, 0, 0, 0, 0
23:00:17.250, 0, 0, 0, 0
23:00:17.300, 0, 0, 0, 0
23:00:17.350, 0, 0, 0, 0
23:00:17.400, 0, 0, 0, 0
23:00:17.450, 0, 0, 0, 0
23:00:17.500, 0, 0, 0, 0
23:00:17.550, 0, 0, 0, 0
23:00:17.600, 0, 0, 0, 0
23:00:17.650, 0, 0, 0, 0
23:00:17.700, 0, 0, 0, 0
23:00:17.750, 0, 0, 0, 0
23:00:17.800, 0, 0, 0, 0
23:00:17.850, 0, 0, 0, 0
23:00:17.900, 0, 0, 0, 0
23:00:17.950, 0, 0, 0, 0
23:00:18.000, 0, 0, 0, 0
23:00:18.050, 0, 0, 0, 0
23:00:18.100, 0, 0, 0, 0
23:00:18.150, 0, 0, 0, 0
23:00:18.200, 0, 0, 0, 0
23:00:18.250, 0, 0, 0, 0
23:00:18.300, 0, 0, 0, 0
23:00:18.350, 0, 0, 0, 0
23:00:18.400, 0, 0, 0, 0
23:00:18.450, 0, 0, 0, 0
23:00:18.500, 0, 0, 0, 0
23:00:18.550, 0, 0, 0, 0
23:00:18.600, 0, 0, 0, 0
23:00:18.650, 0, 0, 0, 0
23:00:18.700, 0, 0, 0, 0
23:00:18.750, 0, 0, 0, 0
23:00:18.800, 0, 0, 0, 0
23:00:18.850, 0, 0, 0, 0
23:00:18.900, 0, 0, 0, 0
23:00:18.950, 0, 0, 0, 0
23:00:19.000, 0, 0, 0, 0
23:00:19.050, 0, 0, 0, 0
23:00:19.100, 0, 0, 0, 0
23:00:19.150, 0, 0, 0, 0
23:00:19.200, 0, 0, 0, 0
23:00:19.250, 0, 0, 0, 0
23:00:19.300, 0, 0, 0, 0
23:00:19.350, 0, 0, 0, 0
23:00:19.400, 0, 0, 0, 0
23:00:19.450, 0, 0, 0, 0
23:00:19.500, 0, 0, 0, 0
23:00:19.550, 0, 0, 0, 0
23:00:19.601, 0, 0, 0, 0
23:00:19.650, 0, 0, 0, 0
23:00:19.700, 0, 0, 0, 0
23:00:19.750, 0, 0, 0, 0
23:00:19.800, 0, 0, 0, 0
23:00:19.850, 0, 0, 0, 0
23:00:19.900, 0, 0, 0, 0
23:00:19.950, 0, 0, 0, 0
23:00:20.000, 0, 0, 0, 0
23:00:20.050, 0, 0, 0, 0
23:00:20.100, 0, 0, 0, 0
23:00:20.150, 0, 0, 0, 0
23:00:20.200, 0, 0, 0, 0
23:00:20.250, 0, 0, 0, 0
23:00:20.300, 0, 0, 0, 0
23:00:20.350, 0, 0, 0, 0
23:00:20.400, 0, 0, 0, 0
23:00:20.450, 0, 0, 0, 0
23:00:20.500, 0, 0, 0, 0
23:00:20.550, 0, 0, 0, 0
23:00:20.600, 0, 0, 0, 0
23:00:20.650, 0, 0, 0, 0
23:00:20.700, 0, 0, 0, 0
23:00:20.750, 0, 0, 0, 0
23:00:20.800, 0, 0, 0, 0
23:00:20.850, 0, 0, 0, 0
23:00:20.900, 0, 0, 0, 0
23:00:20.950, 0, 0, 0, 0
23:00:21.000, 0, 0, 0, 0
23:00:21.050, 0, 0, 0, 0
23:00:21.100, 0, 0, 0, 0
23:00:21.150, 0, 0, 0, 0
23:00:21.200, 0, 0, 0, 0
23:00:21.250, 0, 0, 0, 0
23:00:21.300, 0, 0, 0, 0
